DeployID,Ptt,Instr,Date,Type,Quality,Latitude,Longitude,Error radius,Error Semi-major axis,Error Semi-minor axis,Error Ellipse orientation,Offset,Offset orientation,GPE MSD,GPE U,Count,Comment
141265,141265,SPOT,22:47:37 17-Aug-2016,Argos,3,41.5331,-70.6699,166,588,47,97,,,,,,
141265,141265,SPOT,22:49:48 17-Aug-2016,Argos,3,41.5330,-70.6700,,,,,,,,,,
141265,141265,SPOT,21:11:47 27-Aug-2016,Argos,B,41.6637,-69.2264,1514,7135,321,37,,,,,,
141265,141265,SPOT,01:21:52 28-Aug-2016,Argos,B,41.6477,-69.2386,4295,5510,3348,82,,,,,,
141265,141265,SPOT,01:21:53 28-Aug-2016,Argos,B,41.6480,-69.2390,,,,,,,,,,
141265,141265,SPOT,02:56:49 28-Aug-2016,Argos,B,41.6220,-69.2370,,,,,,,,,,
141265,141265,SPOT,02:57:20 28-Aug-2016,Argos,B,41.6216,-69.2366,3990,22413,710,67,,,,,,
141265,141265,SPOT,07:31:45 28-Aug-2016,Argos,B,41.5934,-69.2327,2654,4439,1587,78,,,,,,
141265,141265,SPOT,07:31:45 28-Aug-2016,Argos,B,41.5930,-69.2330,,,,,,,,,,
141265,141265,SPOT,08:18:42 28-Aug-2016,Argos,B,41.5930,-69.2254,2653,4408,1596,57,,,,,,
141265,141265,SPOT,08:18:42 28-Aug-2016,Argos,B,41.5930,-69.2250,,,,,,,,,,
141265,141265,SPOT,09:24:06 28-Aug-2016,Argos,B,41.5990,-69.2160,,,,,,,,,,
141265,141265,SPOT,09:25:36 28-Aug-2016,Argos,B,41.5994,-69.2164,1119,7278,171,139,,,,,,
141265,141265,SPOT,11:02:50 28-Aug-2016,Argos,1,41.6485,-69.2057,1253,23801,66,101,,,,,,
141265,141265,SPOT,11:11:20 28-Aug-2016,Argos,1,41.6490,-69.2060,,,,,,,,,,
141265,141265,SPOT,11:33:00 28-Aug-2016,Argos,1,41.6653,-69.2227,627,1044,376,51,,,,,,
141265,141265,SPOT,11:35:28 28-Aug-2016,Argos,1,41.6650,-69.2230,,,,,,,,,,
141265,141265,SPOT,11:48:42 28-Aug-2016,Argos,2,41.6638,-69.2312,282,931,85,107,,,,,,
141265,141265,SPOT,11:54:23 28-Aug-2016,Argos,2,41.6640,-69.2310,,,,,,,,,,
141265,141265,SPOT,12:41:14 28-Aug-2016,Argos,1,41.6745,-69.2348,775,942,636,58,,,,,,
141265,141265,SPOT,12:41:14 28-Aug-2016,Argos,1,41.6750,-69.2350,,,,,,,,,,
141265,141265,SPOT,13:27:36 28-Aug-2016,Argos,A,41.6900,-69.2480,,,,,,,,,,
141265,141265,SPOT,13:27:55 28-Aug-2016,Argos,A,41.6900,-69.2483,3101,11501,836,92,,,,,,
141265,141265,SPOT,13:35:46 28-Aug-2016,Argos,2,41.6761,-69.2329,360,453,285,75,,,,,,
141265,141265,SPOT,14:20:57 28-Aug-2016,Argos,2,41.6731,-69.2200,482,1780,130,86,,,,,,
141265,141265,SPOT,14:31:21 28-Aug-2016,Argos,2,41.6730,-69.2200,,,,,,,,,,
141265,141265,SPOT,00:54:13 29-Aug-2016,Argos,B,41.6975,-69.2803,12453,38781,3998,76,,,,,,
141265,141265,SPOT,00:54:13 29-Aug-2016,Argos,B,41.6970,-69.2800,,,,,,,,,,
141265,141265,SPOT,07:29:09 29-Aug-2016,Argos,B,41.7519,-69.3058,18186,43682,7570,89,,,,,,
141265,141265,SPOT,07:29:10 29-Aug-2016,Argos,B,41.7520,-69.3060,,,,,,,,,,
141265,141265,SPOT,08:59:56 29-Aug-2016,Argos,A,41.6445,-69.1454,4936,24471,995,171,,,,,,
141265,141265,SPOT,08:59:56 29-Aug-2016,Argos,2,41.6646,-69.1327,361,896,145,57,,,,,,
141265,141265,SPOT,08:59:56 29-Aug-2016,Argos,A,41.6450,-69.1450,,,,,,,,,,
141265,141265,SPOT,09:08:46 29-Aug-2016,Argos,2,41.6650,-69.1330,,,,,,,,,,
141265,141265,SPOT,09:19:31 29-Aug-2016,Argos,0,41.6686,-69.1383,2438,19340,307,79,,,,,,
141265,141265,SPOT,09:21:05 29-Aug-2016,Argos,0,41.6690,-69.1380,,,,,,,,,,
141265,141265,SPOT,10:35:37 29-Aug-2016,Argos,B,41.6650,-69.1160,,,,,,,,,,
141265,141265,SPOT,10:35:59 29-Aug-2016,Argos,B,41.6645,-69.1161,4384,6941,2768,82,,,,,,
141265,141265,SPOT,11:36:42 29-Aug-2016,Argos,2,41.7006,-69.1674,422,985,180,121,,,,,,
141265,141265,SPOT,11:36:42 29-Aug-2016,Argos,2,41.7010,-69.1670,,,,,,,,,,
141265,141265,SPOT,13:18:48 29-Aug-2016,Argos,B,41.7115,-69.2241,1628,7646,346,172,,,,,,
141265,141265,SPOT,13:18:49 29-Aug-2016,Argos,B,41.7120,-69.2240,,,,,,,,,,
141265,141265,SPOT,03:55:03 30-Aug-2016,Argos,B,41.8330,-69.3970,5174,9946,2691,94,,,,,,
141265,141265,SPOT,03:55:04 30-Aug-2016,Argos,B,41.8330,-69.3970,,,,,,,,,,
141265,141265,SPOT,08:59:44 30-Aug-2016,Argos,B,41.7873,-69.3042,5067,15275,1680,91,,,,,,
141265,141265,SPOT,08:59:45 30-Aug-2016,Argos,B,41.7870,-69.3040,,,,,,,,,,
141265,141265,SPOT,10:32:46 30-Aug-2016,Argos,B,41.8014,-69.1614,3886,5593,2700,111,,,,,,
141265,141265,SPOT,10:32:47 30-Aug-2016,Argos,B,41.8010,-69.1610,,,,,,,,,,
141265,141265,SPOT,10:33:33 30-Aug-2016,Argos,1,41.7580,-69.0900,,,,,,,,,,
141265,141265,SPOT,10:33:56 30-Aug-2016,Argos,1,41.7583,-69.0900,1293,8933,187,82,,,,,,
141265,141265,SPOT,12:54:07 30-Aug-2016,Argos,1,41.7691,-69.0904,970,2266,415,26,,,,,,
141265,141265,SPOT,13:03:25 30-Aug-2016,Argos,B,41.7691,-69.0905,1234,1478,1029,61,,,,,,
141265,141265,SPOT,13:03:25 30-Aug-2016,Argos,B,41.7690,-69.0900,,,,,,,,,,
141265,141265,SPOT,13:41:13 30-Aug-2016,Argos,A,41.7838,-69.0960,833,3112,222,31,,,,,,
141265,141265,SPOT,13:42:00 30-Aug-2016,Argos,A,41.7840,-69.0960,,,,,,,,,,
141265,141265,SPOT,14:23:54 30-Aug-2016,Argos,B,41.7914,-69.1053,2662,3398,2085,82,,,,,,
141265,141265,SPOT,14:23:54 30-Aug-2016,Argos,B,41.7910,-69.1050,,,,,,,,,,
141265,141265,SPOT,07:07:28 31-Aug-2016,Argos,B,41.9476,-69.3627,8113,10574,6225,113,,,,,,
141265,141265,SPOT,07:07:29 31-Aug-2016,Argos,B,41.9480,-69.3630,,,,,,,,,,
141265,141265,SPOT,08:46:11 31-Aug-2016,Argos,B,41.6866,-69.0876,5886,7781,4452,83,,,,,,
141265,141265,SPOT,08:46:11 31-Aug-2016,Argos,B,41.6870,-69.0880,,,,,,,,,,
141265,141265,SPOT,09:33:04 31-Aug-2016,Argos,0,41.5765,-69.2214,1874,3583,980,42,,,,,,
141265,141265,SPOT,09:33:04 31-Aug-2016,Argos,0,41.5770,-69.2210,,,,,,,,,,
141265,141265,SPOT,09:53:22 31-Aug-2016,Argos,1,41.5773,-69.2439,1388,7844,245,85,,,,,,
141265,141265,SPOT,09:55:41 31-Aug-2016,Argos,1,41.5709,-69.2502,1426,25229,80,78,,,,,,
141265,141265,SPOT,09:55:42 31-Aug-2016,Argos,1,41.5770,-69.2440,,,,,,,,,,
141265,141265,SPOT,10:00:43 31-Aug-2016,Argos,1,41.5710,-69.2500,,,,,,,,,,
141265,141265,SPOT,11:11:22 31-Aug-2016,Argos,1,41.5625,-69.2217,778,11200,54,99,,,,,,
141265,141265,SPOT,11:16:12 31-Aug-2016,Argos,1,41.5630,-69.2220,,,,,,,,,,
141265,141265,SPOT,11:31:05 31-Aug-2016,Argos,B,41.5670,-69.2540,,,,,,,,,,
141265,141265,SPOT,11:32:16 31-Aug-2016,Argos,B,41.5672,-69.2543,1104,4343,280,13,,,,,,
141265,141265,SPOT,07:51:16 01-Sep-2016,Argos,B,40.9410,-69.7280,,,,,,,,,,Lon > 4 deviations from mean
141265,141265,SPOT,11:07:35 01-Sep-2016,Argos,1,41.3280,-69.2150,,,,,,,,,,
141265,141265,SPOT,11:10:58 01-Sep-2016,Argos,2,41.3350,-69.2340,,,,,,,,,,
141265,141265,SPOT,10:37:20 02-Sep-2016,Argos,A,41.2520,-68.9650,,,,,,,,,,
141265,141265,SPOT,12:28:11 02-Sep-2016,Argos,B,41.2570,-68.9240,,,,,,,,,,
141265,141265,SPOT,15:11:53 02-Sep-2016,Argos,B,41.2630,-68.8790,,,,,,,,,,
141265,141265,SPOT,12:26:38 03-Sep-2016,Argos,B,41.3920,-68.4870,,,,,,,,,,
141265,141265,SPOT,14:04:56 03-Sep-2016,Argos,B,41.8840,-68.3980,,,,,,,,,,Rate of Travel: 9.4 m/s
141265,141265,SPOT,00:30:15 04-Sep-2016,Argos,B,42.0170,-68.3790,,,,,,,,,,
141265,141265,SPOT,09:34:58 04-Sep-2016,Argos,3,42.1820,-68.1110,,,,,,,,,,
141265,141265,SPOT,01:02:38 05-Sep-2016,Argos,B,42.2770,-67.6790,,,,,,,,,,
141265,141265,SPOT,01:54:09 05-Sep-2016,Argos,B,42.2700,-67.6860,,,,,,,,,,
141265,141265,SPOT,07:40:27 05-Sep-2016,Argos,A,42.2140,-67.5290,,,,,,,,,,
141265,141265,SPOT,09:29:23 05-Sep-2016,Argos,B,42.2220,-67.4970,,,,,,,,,,
141265,141265,SPOT,09:13:02 06-Sep-2016,Argos,B,42.3280,-66.9020,,,,,,,,,,
141265,141265,SPOT,10:15:31 06-Sep-2016,Argos,Z,42.0000,-66.3830,,,,,,,,,,
141265,141265,SPOT,10:44:53 06-Sep-2016,Argos,B,42.2830,-66.7390,,,,,,,,,,
141265,141265,SPOT,11:49:25 06-Sep-2016,Argos,B,42.1230,-66.4150,,,,,,,,,,
141265,141265,SPOT,11:54:02 06-Sep-2016,Argos,B,41.9760,-66.4050,,,,,,,,,,
141265,141265,SPOT,12:22:38 06-Sep-2016,Argos,A,41.9520,-66.3520,,,,,,,,,,
141265,141265,SPOT,13:50:38 06-Sep-2016,Argos,B,41.8680,-66.1520,,,,,,,,,,
141265,141265,SPOT,15:28:29 06-Sep-2016,Argos,A,41.8710,-66.2790,,,,,,,,,,
141265,141265,SPOT,17:16:59 06-Sep-2016,Argos,B,41.8900,-66.2870,,,,,,,,,,
141265,141265,SPOT,00:06:33 07-Sep-2016,Argos,B,41.7350,-65.8070,,,,,,,,,,
141265,141265,SPOT,00:24:52 07-Sep-2016,Argos,B,41.7550,-65.9110,,,,,,,,,,
141265,141265,SPOT,01:08:36 07-Sep-2016,Argos,B,41.7310,-65.8430,,,,,,,,,,
141265,141265,SPOT,09:02:41 07-Sep-2016,Argos,B,41.4320,-65.4420,,,,,,,,,,
141265,141265,SPOT,09:54:14 07-Sep-2016,Argos,A,41.5570,-65.7380,,,,,,,,,,
141265,141265,SPOT,10:18:04 07-Sep-2016,Argos,2,41.5530,-65.7270,,,,,,,,,,
141265,141265,SPOT,01:34:43 08-Sep-2016,Argos,B,41.8950,-66.5120,,,,,,,,,,
141265,141265,SPOT,07:07:27 08-Sep-2016,Argos,B,41.6470,-66.0820,,,,,,,,,,
141265,141265,SPOT,09:38:47 08-Sep-2016,Argos,3,41.2030,-65.0700,,,,,,,,,,
141265,141265,SPOT,09:52:04 08-Sep-2016,Argos,3,41.1960,-65.0700,,,,,,,,,,
141265,141265,SPOT,11:19:30 08-Sep-2016,Argos,2,41.1830,-65.0260,,,,,,,,,,
141265,141265,SPOT,13:07:03 08-Sep-2016,Argos,2,41.1580,-64.9940,,,,,,,,,,
141265,141265,SPOT,00:28:32 09-Sep-2016,Argos,1,41.0380,-64.8680,,,,,,,,,,
141265,141265,SPOT,06:56:44 09-Sep-2016,Argos,B,40.9930,-64.7990,,,,,,,,,,
141265,141265,SPOT,11:02:37 09-Sep-2016,Argos,B,40.9270,-64.8580,,,,,,,,,,
141265,141265,SPOT,16:46:36 09-Sep-2016,Argos,B,40.8580,-64.8240,,,,,,,,,,
141265,141265,SPOT,22:31:00 09-Sep-2016,Argos,B,40.6820,-64.8690,,,,,,,,,,
141265,141265,SPOT,22:31:49 09-Sep-2016,Argos,B,40.6910,-64.8540,,,,,,,,,,
141265,141265,SPOT,03:26:01 10-Sep-2016,Argos,B,40.6070,-64.8420,,,,,,,,,,
141265,141265,SPOT,15:43:55 10-Sep-2016,Argos,B,40.2310,-64.8580,,,,,,,,,,
141265,141265,SPOT,12:26:19 11-Sep-2016,Argos,B,40.2220,-66.2150,,,,,,,,,,
141265,141265,SPOT,14:32:36 11-Sep-2016,Argos,1,40.3100,-66.6250,,,,,,,,,,
141265,141265,SPOT,23:57:34 11-Sep-2016,Argos,B,40.3830,-67.2170,,,,,,,,,,
141265,141265,SPOT,11:30:29 12-Sep-2016,Argos,2,40.3070,-67.2630,,,,,,,,,,
141265,141265,SPOT,21:57:41 12-Sep-2016,Argos,B,40.3160,-67.6420,,,,,,,,,,
141265,141265,SPOT,06:15:27 13-Sep-2016,Argos,B,40.1860,-67.8920,,,,,,,,,,
141265,141265,SPOT,23:45:34 13-Sep-2016,Argos,A,40.0450,-68.1210,,,,,,,,,,
141265,141265,SPOT,06:05:36 14-Sep-2016,Argos,B,40.0190,-68.3490,,,,,,,,,,
141265,141265,SPOT,07:44:43 14-Sep-2016,Argos,B,40.0210,-68.2920,,,,,,,,,,
141265,141265,SPOT,19:08:05 14-Sep-2016,Argos,B,39.9700,-68.5930,,,,,,,,,,
141265,141265,SPOT,21:35:40 14-Sep-2016,Argos,3,39.9230,-68.5430,,,,,,,,,,
141265,141265,SPOT,21:36:27 14-Sep-2016,Argos,2,39.9220,-68.5390,,,,,,,,,,
141265,141265,SPOT,23:19:01 14-Sep-2016,Argos,B,39.9130,-68.5820,,,,,,,,,,
141265,141265,SPOT,23:22:43 14-Sep-2016,Argos,B,39.9120,-68.5830,,,,,,,,,,
141265,141265,SPOT,00:02:14 15-Sep-2016,Argos,B,39.9130,-68.5730,,,,,,,,,,
141265,141265,SPOT,00:50:24 15-Sep-2016,Argos,B,39.9130,-68.5850,,,,,,,,,,
141265,141265,SPOT,01:37:00 15-Sep-2016,Argos,0,39.9050,-68.6250,,,,,,,,,,
141265,141265,SPOT,07:28:11 15-Sep-2016,Argos,2,39.8620,-68.7290,,,,,,,,,,
141265,141265,SPOT,09:11:42 15-Sep-2016,Argos,B,39.8480,-68.7600,,,,,,,,,,
141265,141265,SPOT,10:01:10 15-Sep-2016,Argos,B,39.8450,-68.7770,,,,,,,,,,
141265,141265,SPOT,10:21:52 15-Sep-2016,Argos,3,39.7990,-68.8180,,,,,,,,,,
141265,141265,SPOT,10:27:18 15-Sep-2016,Argos,B,39.7990,-68.8180,,,,,,,,,,
141265,141265,SPOT,01:21:10 16-Sep-2016,Argos,B,39.7300,-69.1520,,,,,,,,,,
141265,141265,SPOT,03:05:12 16-Sep-2016,Argos,B,39.7190,-69.2590,,,,,,,,,,
141265,141265,SPOT,00:59:50 17-Sep-2016,Argos,B,39.7000,-70.5320,,,,,,,,,,
141265,141265,SPOT,02:39:13 17-Sep-2016,Argos,B,39.8930,-69.9730,,,,,,,,,,Rate of Travel: 8.8 m/s
141265,141265,SPOT,08:51:15 17-Sep-2016,Argos,B,39.8890,-69.7160,,,,,,,,,,
141265,141265,SPOT,01:32:30 18-Sep-2016,Argos,A,39.9200,-70.2840,,,,,,,,,,
141265,141265,SPOT,14:42:35 18-Sep-2016,Argos,A,39.8680,-70.5140,,,,,,,,,,
141265,141265,SPOT,15:28:01 18-Sep-2016,Argos,B,39.8740,-70.5050,,,,,,,,,,
141265,141265,SPOT,01:12:34 19-Sep-2016,Argos,B,39.8450,-70.6570,,,,,,,,,,
141265,141265,SPOT,01:58:46 19-Sep-2016,Argos,B,39.8250,-70.7620,,,,,,,,,,
141265,141265,SPOT,06:46:49 19-Sep-2016,Argos,B,39.7940,-70.9660,,,,,,,,,,
141265,141265,SPOT,00:01:47 20-Sep-2016,Argos,B,39.7440,-71.3980,,,,,,,,,,
141265,141265,SPOT,00:02:35 20-Sep-2016,Argos,B,39.7200,-71.3870,,,,,,,,,,
141265,141265,SPOT,00:05:48 20-Sep-2016,Argos,B,39.7220,-71.3880,,,,,,,,,,
141265,141265,SPOT,02:29:49 20-Sep-2016,Argos,B,39.6720,-71.5150,,,,,,,,,,
141265,141265,SPOT,09:53:13 20-Sep-2016,Argos,B,39.5560,-71.8670,,,,,,,,,,
141265,141265,SPOT,11:34:20 20-Sep-2016,Argos,B,39.6040,-71.5440,,,,,,,,,,
141265,141265,SPOT,13:53:43 20-Sep-2016,Argos,B,39.5800,-71.6080,,,,,,,,,,
141265,141265,SPOT,15:34:49 20-Sep-2016,Argos,B,39.5330,-71.6080,,,,,,,,,,
141265,141265,SPOT,13:34:17 21-Sep-2016,Argos,B,39.1910,-71.8520,,,,,,,,,,
141265,141265,SPOT,15:21:13 21-Sep-2016,Argos,B,39.1400,-71.9240,,,,,,,,,,
141265,141265,SPOT,19:31:21 21-Sep-2016,Argos,B,39.0560,-72.1960,,,,,,,,,,
141265,141265,SPOT,22:06:26 21-Sep-2016,Argos,B,38.9930,-72.3280,,,,,,,,,,
141265,141265,SPOT,23:01:39 21-Sep-2016,Argos,B,39.0640,-72.1960,,,,,,,,,,
141265,141265,SPOT,02:32:42 22-Sep-2016,Argos,B,39.0370,-72.2340,,,,,,,,,,
141265,141265,SPOT,08:00:32 22-Sep-2016,Argos,B,38.9950,-72.3110,,,,,,,,,,
141265,141265,SPOT,10:15:18 22-Sep-2016,Argos,1,38.8680,-72.3540,,,,,,,,,,
141265,141265,SPOT,10:24:03 22-Sep-2016,Argos,B,38.8630,-72.3560,,,,,,,,,,
141265,141265,SPOT,12:02:27 22-Sep-2016,Argos,A,38.8410,-72.3920,,,,,,,,,,
141265,141265,SPOT,00:06:53 23-Sep-2016,Argos,B,38.6580,-72.5740,,,,,,,,,,
141265,141265,SPOT,01:59:37 24-Sep-2016,Argos,B,38.3620,-73.2540,,,,,,,,,,
141265,141265,SPOT,18:43:18 25-Sep-2016,Argos,B,38.7150,-72.6850,,,,,,,,,,
141265,141265,SPOT,02:06:43 26-Sep-2016,Argos,B,38.7280,-72.9010,,,,,,,,,,
141265,141265,SPOT,06:42:40 28-Sep-2016,Argos,B,38.9360,-72.6250,,,,,,,,,,
141265,141265,SPOT,01:27:59 30-Sep-2016,Argos,B,38.8640,-72.8190,,,,,,,,,,
141265,141265,SPOT,22:17:18 02-Oct-2016,Argos,B,39.1310,-71.3920,,,,,,,,,,
141265,141265,SPOT,07:30:16 03-Oct-2016,Argos,1,39.1910,-71.8160,,,,,,,,,,
141265,141265,SPOT,09:26:59 03-Oct-2016,Argos,B,39.2080,-71.8000,,,,,,,,,,
141265,141265,SPOT,09:55:07 03-Oct-2016,Argos,B,39.2060,-71.8010,,,,,,,,,,
141265,141265,SPOT,11:07:48 03-Oct-2016,Argos,B,39.2200,-71.7890,,,,,,,,,,
141265,141265,SPOT,00:31:23 05-Oct-2016,Argos,B,39.4940,-71.7580,,,,,,,,,,
141265,141265,SPOT,00:33:05 05-Oct-2016,Argos,A,39.4670,-71.7650,,,,,,,,,,
141265,141265,SPOT,01:29:10 05-Oct-2016,Argos,B,39.4910,-71.7590,,,,,,,,,,
141265,141265,SPOT,11:15:03 06-Oct-2016,Argos,B,39.5520,-71.7590,,,,,,,,,,
141265,141265,SPOT,11:39:55 06-Oct-2016,Argos,B,39.5510,-71.7590,,,,,,,,,,
141265,141265,SPOT,11:08:24 07-Oct-2016,Argos,B,39.5820,-71.6410,,,,,,,,,,
141265,141265,SPOT,14:27:05 08-Oct-2016,Argos,A,39.8550,-71.0270,,,,,,,,,,
141265,141265,SPOT,01:56:07 11-Oct-2016,Argos,B,40.2080,-70.8360,,,,,,,,,,
141265,141265,SPOT,15:02:13 11-Oct-2016,Argos,B,40.1300,-70.8460,,,,,,,,,,
141265,141265,SPOT,19:47:55 16-Oct-2016,Argos,1,39.8090,-72.3720,,,,,,,,,,
141265,141265,SPOT,08:11:04 17-Oct-2016,Argos,B,39.8810,-72.3660,,,,,,,,,,
141265,141265,SPOT,12:19:09 17-Oct-2016,Argos,B,39.9630,-72.3710,,,,,,,,,,
141265,141265,SPOT,12:05:48 18-Oct-2016,Argos,B,39.8720,-72.3520,,,,,,,,,,
141265,141265,SPOT,11:15:20 19-Oct-2016,Argos,B,39.8460,-72.4770,,,,,,,,,,
141265,141265,SPOT,02:11:37 20-Oct-2016,Argos,B,39.8300,-72.4410,,,,,,,,,,
141265,141265,SPOT,18:58:59 20-Oct-2016,Argos,B,39.9590,-72.4470,,,,,,,,,,
141265,141265,SPOT,10:11:02 21-Oct-2016,Argos,B,39.8060,-72.4600,,,,,,,,,,
141265,141265,SPOT,00:02:19 22-Oct-2016,Argos,B,39.7190,-72.7330,,,,,,,,,,
141265,141265,SPOT,08:58:12 22-Oct-2016,Argos,B,39.6950,-72.7760,,,,,,,,,,
141265,141265,SPOT,09:55:05 22-Oct-2016,Argos,B,39.6460,-72.6610,,,,,,,,,,
141265,141265,SPOT,20:18:11 22-Oct-2016,Argos,B,39.4040,-72.2390,,,,,,,,,,
141265,141265,SPOT,22:42:53 22-Oct-2016,Argos,B,39.4300,-72.2670,,,,,,,,,,
141265,141265,SPOT,23:29:08 22-Oct-2016,Argos,B,39.2900,-72.6770,,,,,,,,,,
141265,141265,SPOT,00:14:20 23-Oct-2016,Argos,A,39.3690,-72.8220,,,,,,,,,,
141265,141265,SPOT,00:22:48 23-Oct-2016,Argos,B,39.3700,-72.8240,,,,,,,,,,
141265,141265,SPOT,01:51:44 23-Oct-2016,Argos,0,39.3260,-72.8510,,,,,,,,,,
141265,141265,SPOT,01:36:55 24-Oct-2016,Argos,0,39.4510,-72.4700,,,,,,,,,,
141265,141265,SPOT,03:19:01 24-Oct-2016,Argos,B,39.4750,-72.5190,,,,,,,,,,
141265,141265,SPOT,02:55:04 25-Oct-2016,Argos,B,39.5850,-72.1620,,,,,,,,,,
141265,141265,SPOT,23:35:20 25-Oct-2016,Argos,B,39.7030,-72.6830,,,,,,,,,,
141265,141265,SPOT,00:52:19 26-Oct-2016,Argos,2,39.4670,-72.3750,,,,,,,,,,
141265,141265,SPOT,01:42:28 26-Oct-2016,Argos,B,39.4550,-72.3340,,,,,,,,,,
141265,141265,SPOT,02:29:42 26-Oct-2016,Argos,2,39.4180,-72.3570,,,,,,,,,,
141265,141265,SPOT,01:51:52 28-Oct-2016,Argos,A,38.9080,-71.6330,,,,,,,,,,
141265,141265,SPOT,03:34:15 28-Oct-2016,Argos,B,38.9000,-71.6230,,,,,,,,,,
141265,141265,SPOT,21:22:26 29-Oct-2016,Argos,B,38.5010,-71.9080,,,,,,,,,,
141265,141265,SPOT,02:04:38 30-Oct-2016,Argos,B,38.3970,-71.8680,,,,,,,,,,
141265,141265,SPOT,02:49:42 30-Oct-2016,Argos,B,38.3890,-71.8680,,,,,,,,,,
141265,141265,SPOT,11:38:33 30-Oct-2016,Argos,B,38.2570,-71.9900,,,,,,,,,,
141265,141265,SPOT,11:12:13 31-Oct-2016,Argos,B,38.0660,-72.0690,,,,,,,,,,
141265,141265,SPOT,11:35:21 31-Oct-2016,Argos,B,38.0940,-72.1830,,,,,,,,,,
141265,141265,SPOT,12:52:40 31-Oct-2016,Argos,B,38.0860,-72.1920,,,,,,,,,,
141265,141265,SPOT,11:07:11 01-Nov-2016,Argos,B,38.3190,-72.4290,,,,,,,,,,
141265,141265,SPOT,18:29:52 01-Nov-2016,Argos,B,38.2680,-72.5830,,,,,,,,,,
141265,141265,SPOT,09:44:00 09-Dec-2016,Argos,A,40.3520,-58.5620,,,,,,,,,,
141265,141265,SPOT,00:54:05 18-Dec-2016,Argos,A,38.9710,-54.1910,,,,,,,,,,
141265,141265,SPOT,19:36:15 18-Dec-2016,Argos,B,37.1060,-63.3120,,,,,,,,,,
141265,141265,SPOT,23:30:28 18-Dec-2016,Argos,B,37.0930,-63.3300,,,,,,,,,,
141265,141265,SPOT,00:31:43 19-Dec-2016,Argos,B,37.1120,-63.3420,,,,,,,,,,
141265,141265,SPOT,17:41:57 19-Dec-2016,Argos,B,37.3340,-63.7740,,,,,,,,,,
141265,141265,SPOT,18:35:57 23-Dec-2016,Argos,0,39.5550,-63.9500,,,,,,,,,,
141265,141265,SPOT,21:23:33 23-Dec-2016,Argos,B,39.6470,-63.7670,,,,,,,,,,
141265,141265,SPOT,22:07:27 23-Dec-2016,Argos,B,39.6040,-63.8080,,,,,,,,,,
141265,141265,SPOT,22:23:08 01-Jan-2017,Argos,B,37.0610,-73.4010,,,,,,,,,,
141265,141265,SPOT,10:11:39 05-Jan-2017,Argos,B,40.0490,-54.7760,,,,,,,,,,
141265,141265,SPOT,13:40:00 10-Jan-2017,Argos,B,40.2620,-54.6770,,,,,,,,,,
141265,141265,SPOT,13:40:00 10-Jan-2017,Argos,B,40.2620,-54.6770,,,,,,,,,,
141265,141265,SPOT,09:03:42 21-Jan-2017,Argos,B,40.0930,-48.4840,,,,,,,,,,
141265,141265,SPOT,21:11:18 21-Jan-2017,Argos,B,40.4930,-48.9920,,,,,,,,,,
141265,141265,SPOT,21:41:23 21-Jan-2017,Argos,B,40.4990,-48.9790,,,,,,,,,,
141265,141265,SPOT,21:51:12 21-Jan-2017,Argos,B,40.4880,-48.9800,,,,,,,,,,
141265,141265,SPOT,21:51:12 21-Jan-2017,Argos,B,40.4880,-48.9800,,,,,,,,,,
141265,141265,SPOT,22:56:16 21-Jan-2017,Argos,B,40.4910,-48.9700,,,,,,,,,,
141265,141265,SPOT,00:33:07 22-Jan-2017,Argos,B,40.4700,-48.9660,,,,,,,,,,
141265,141265,SPOT,00:33:07 22-Jan-2017,Argos,B,40.4700,-48.9660,,,,,,,,,,
141265,141265,SPOT,21:35:30 22-Jan-2017,Argos,B,40.4440,-48.8240,,,,,,,,,,
141265,141265,SPOT,10:02:00 23-Jan-2017,Argos,B,39.9080,-48.2740,,,,,,,,,,
141265,141265,SPOT,07:30:01 24-Jan-2017,Argos,B,39.4900,-47.4920,,,,,,,,,,
141265,141265,SPOT,09:48:38 24-Jan-2017,Argos,B,39.4210,-47.4850,,,,,,,,,,
141265,141265,SPOT,09:48:38 24-Jan-2017,Argos,B,39.4210,-47.4850,,,,,,,,,,
141265,141265,SPOT,08:08:38 26-Jan-2017,Argos,B,39.4940,-47.1830,,,,,,,,,,
141265,141265,SPOT,08:08:38 26-Jan-2017,Argos,B,39.4940,-47.1830,,,,,,,,,,
141265,141265,SPOT,08:16:24 26-Jan-2017,Argos,B,39.2440,-46.9870,,,,,,,,,,
141265,141265,SPOT,21:29:20 27-Jan-2017,Argos,B,39.1320,-47.1550,,,,,,,,,,
141265,141265,SPOT,01:49:07 28-Jan-2017,Argos,B,38.9930,-47.0840,,,,,,,,,,
141265,141265,SPOT,01:49:07 28-Jan-2017,Argos,B,38.9930,-47.0840,,,,,,,,,,
141265,141265,SPOT,06:47:58 29-Jan-2017,Argos,A,39.2100,-46.6580,,,,,,,,,,
141265,141265,SPOT,06:47:58 29-Jan-2017,Argos,A,39.2100,-46.6580,,,,,,,,,,
141265,141265,SPOT,21:40:49 02-Feb-2017,Argos,B,37.6470,-44.4220,,,,,,,,,,
141265,141265,SPOT,21:40:49 02-Feb-2017,Argos,B,37.6470,-44.4220,,,,,,,,,,
141265,141265,SPOT,23:43:46 02-Feb-2017,Argos,B,37.5480,-44.3090,,,,,,,,,,
141265,141265,SPOT,08:26:15 04-Feb-2017,Argos,B,36.9000,-43.4640,,,,,,,,,,
141265,141265,SPOT,08:26:15 04-Feb-2017,Argos,B,36.9000,-43.4640,,,,,,,,,,
141265,141265,SPOT,21:47:50 05-Feb-2017,Argos,B,36.1390,-42.9530,,,,,,,,,,
141265,141265,SPOT,21:47:50 05-Feb-2017,Argos,B,36.1390,-42.9530,,,,,,,,,,
141265,141265,SPOT,22:20:50 05-Feb-2017,Argos,B,36.1450,-42.9290,,,,,,,,,,
141265,141265,SPOT,22:20:50 05-Feb-2017,Argos,B,36.1450,-42.9290,,,,,,,,,,
141265,141265,SPOT,22:41:46 05-Feb-2017,Argos,B,36.1430,-42.9210,,,,,,,,,,
141265,141265,SPOT,22:41:46 05-Feb-2017,Argos,B,36.1430,-42.9210,,,,,,,,,,
