"deploy_id","date","argos_lc","lon","lat"
"160424_2013_132346",2013-07-28 00:00:00,"3",-71.788,40.987
"160424_2013_132346",2013-07-29 09:40:21,"B",-71.78900146,40.65999985
"160424_2013_132346",2013-07-29 11:47:56,"A",-71.80801392,40.69100189
"160424_2013_132346",2013-07-29 15:58:21,"B",-71.73300171,40.68099976
"160424_2013_132346",2013-07-29 16:38:58,"B",-71.74200439,40.60499954
"160424_2013_132346",2013-07-29 17:39:59,"A",-71.54000854,40.54499817
"160424_2013_132346",2013-07-29 19:18:58,"0",-71.50698853,40.51300049
"160424_2013_132346",2013-07-29 19:53:41,"1",-71.58599854,40.51699829
"160424_2013_132346",2013-07-29 20:59:31,"A",-71.54501343,40.48500061
"160424_2013_132346",2013-07-29 21:28:19,"B",-71.54199219,40.47399902
"160424_2013_132346",2013-07-30 00:54:53,"1",-71.48098755,40.51399994
"160424_2013_132346",2013-07-30 01:49:47,"B",-71.48000336,40.50099945
"160424_2013_132346",2013-07-30 02:27:20,"A",-71.46099854,40.52600098
"160424_2013_132346",2013-07-30 04:59:59,"0",-71.40100098,40.53499985
"160424_2013_132346",2013-07-30 06:47:09,"A",-71.35800171,40.52500153
"160424_2013_132346",2013-07-30 07:38:49,"A",-71.30700684,40.5320015
"160424_2013_132346",2013-07-30 08:07:16,"B",-71.32998657,40.53300095
"160424_2013_132346",2013-07-30 08:26:26,"B",-71.33200073,40.52700043
"160424_2013_132346",2013-07-30 09:23:05,"A",-71.2789917,40.52000046
"160424_2013_132346",2013-07-30 09:48:23,"1",-71.27398682,40.50699997
"160424_2013_132346",2013-07-30 11:31:37,"B",-71.20599365,40.50500107
"160424_2013_132346",2013-07-30 13:11:34,"0",-71.17498779,40.50500107
"160424_2013_132346",2013-07-31 00:26:42,"2",-71.00201416,40.46900177
"160424_2013_132346",2013-07-31 00:35:26,"1",-70.98999023,40.47100067
"160424_2013_132346",2013-07-31 01:27:54,"B",-70.9710083,40.4640007
"160424_2013_132346",2013-07-31 02:09:30,"B",-70.96099854,40.45899963
"160424_2013_132346",2013-07-31 02:18:57,"A",-70.93701172,40.45199966
"160424_2013_132346",2013-07-31 04:48:18,"B",-70.86401367,40.4640007
"160424_2013_132346",2013-07-31 09:09:56,"1",-70.7789917,40.47800064
"160424_2013_132346",2013-07-31 09:18:51,"1",-70.79400635,40.48799896
"160424_2013_132346",2013-07-31 11:00:18,"1",-70.76400757,40.49200058
"160424_2013_132346",2013-07-31 12:42:52,"0",-70.71600342,40.49000168
"160424_2013_132346",2013-07-31 13:00:40,"2",-70.7210083,40.48600006
"160424_2013_132346",2013-07-31 13:39:04,"1",-70.7250061,40.50500107
"160424_2013_132346",2013-08-01 00:06:50,"1",-70.52801514,40.5320015
"160424_2013_132346",2013-08-01 10:34:12,"2",-70.44799805,40.48799896
"160424_2013_132346",2013-08-01 10:40:55,"0",-70.45199585,40.50099945
"160424_2013_132346",2013-08-01 12:14:47,"B",-70.44799805,40.49300003
"160424_2013_132346",2013-08-01 12:46:59,"2",-70.44100952,40.48899841
"160424_2013_132346",2013-08-01 12:48:07,"2",-70.44100189,40.48899841
"160424_2013_132346",2013-08-01 13:23:11,"B",-70.43301392,40.49200058
"160424_2013_132346",2013-08-02 00:15:25,"B",-70.23799896,40.52099991
"160424_2013_132346",2013-08-02 00:18:52,"B",-70.23800659,40.52099991
"160424_2013_132346",2013-08-02 03:08:57,"2",-70.20800781,40.45199966
"160424_2013_132346",2013-08-02 06:05:29,"1",-70.19799805,40.43700027
"160424_2013_132346",2013-08-02 07:44:25,"2",-70.17999268,40.45800018
"160424_2013_132346",2013-08-02 08:30:51,"A",-70.18399048,40.47700119
"160424_2013_132346",2013-08-02 10:15:04,"2",-70.17999268,40.5019989
"160424_2013_132346",2013-08-02 10:29:02,"1",-70.18301392,40.51100159
"160424_2013_132346",2013-08-03 00:03:06,"3",-69.9960022,40.48799896
"160424_2013_132346",2013-08-03 00:27:13,"B",-69.98800659,40.48500061
"160424_2013_132346",2013-08-03 00:31:50,"B",-69.98400879,40.48799896
"160424_2013_132346",2013-08-03 01:01:53,"1",-69.98300171,40.45299911
"160424_2013_132346",2013-08-03 01:41:30,"A",-69.97601318,40.44200134
"160424_2013_132346",2013-08-03 02:06:30,"B",-69.96899414,40.43500137
"160424_2013_132346",2013-08-03 02:43:33,"1",-69.95098877,40.44300079
"160424_2013_132346",2013-08-03 05:54:28,"3",-69.93399048,40.41199875
"160424_2013_132346",2013-08-03 06:56:46,"1",-69.93301392,40.40399933
"160424_2013_132346",2013-08-03 07:35:30,"A",-69.94000244,40.42100143
"160424_2013_132346",2013-08-03 08:34:08,"2",-69.93399048,40.41600037
"160424_2013_132346",2013-08-03 08:35:40,"1",-69.93399048,40.41400146
"160424_2013_132346",2013-08-04 00:05:44,"3",-69.86801147,40.33399963
"160424_2013_132346",2013-08-04 00:47:10,"2",-69.87399292,40.32500076
"160424_2013_132346",2013-08-04 01:34:33,"A",-69.89401245,40.30400085
"160424_2013_132346",2013-08-04 01:42:11,"B",-69.89498901,40.30199814
"160424_2013_132346",2013-08-04 02:24:09,"2",-69.84899902,40.29600143
"160424_2013_132346",2013-08-04 05:43:07,"1",-69.80099487,40.23899841
"160424_2013_132346",2013-08-04 06:49:18,"0",-69.78201294,40.24000168
"160424_2013_132346",2013-08-04 07:26:56,"2",-69.76501465,40.23899841
"160424_2013_132346",2013-08-05 00:25:09,"2",-69.56500244,40.44300079
"160424_2013_132346",2013-08-05 01:14:55,"1",-69.52999878,40.4640007
"160424_2013_132346",2013-08-05 01:19:00,"2",-69.54501343,40.46300125
"160424_2013_132346",2013-08-05 02:01:40,"3",-69.52301025,40.48099899
"160424_2013_132346",2013-08-05 02:56:30,"B",-69.49798584,40.49100113
"160424_2013_132346",2013-08-05 02:59:14,"B",-69.49798584,40.49200058
"160424_2013_132346",2013-08-05 05:36:52,"B",-69.40899658,40.51499939
"160424_2013_132346",2013-08-05 08:15:11,"B",-69.43899536,40.43899918
"160424_2013_132346",2013-08-05 08:58:54,"1",-69.41400146,40.43399811
"160424_2013_132346",2013-08-05 09:07:48,"A",-69.41500854,40.43000031
"160424_2013_132346",2013-08-05 09:55:23,"1",-69.40899658,40.43799973
"160424_2013_132346",2013-08-06 00:02:47,"2",-69.08898926,40.5359993
"160424_2013_132346",2013-08-06 00:41:18,"1",-69.07299805,40.53300095
"160424_2013_132346",2013-08-06 00:55:18,"3",-69.06298828,40.54299927
"160424_2013_132346",2013-08-06 01:05:48,"B",-69.06298828,40.54399872
"160424_2013_132346",2013-08-06 01:39:49,"B",-69.05599976,40.54399872
"160424_2013_132346",2013-08-06 02:34:45,"B",-69.05999756,40.54299927
"160424_2013_132346",2013-08-06 06:23:13,"B",-68.95999146,40.55599976
"160424_2013_132346",2013-08-06 08:03:37,"0",-68.87701416,40.54700089
"160424_2013_132346",2013-08-06 08:42:02,"2",-68.89300537,40.54999924
"160424_2013_132346",2013-08-06 08:44:40,"A",-68.89199829,40.55099869
"160424_2013_132346",2013-08-06 09:44:47,"1",-68.88400269,40.54499817
"160424_2013_132346",2013-08-06 10:16:07,"3",-68.88699341,40.55400085
"160424_2013_132346",2013-08-06 10:19:06,"3",-68.88101196,40.55500031
"160424_2013_132346",2013-08-07 00:38:20,"2",-68.73498535,40.7840004
"160424_2013_132346",2013-08-07 05:10:24,"2",-68.71499634,40.77899933
"160424_2013_132346",2013-08-07 08:40:56,"B",-68.68600464,40.7820015
"160424_2013_132346",2013-08-07 09:36:56,"A",-68.75100708,40.67300034
"160424_2013_132346",2013-08-07 09:48:29,"2",-68.76400757,40.66799927
"160424_2013_132346",2013-08-07 09:49:38,"2",-68.75900269,40.66899872
"160424_2013_132346",2013-08-07 11:27:04,"1",-68.79699707,40.64199829
"160424_2013_132346",2013-08-07 11:29:20,"1",-68.79598999,40.63499832
"160424_2013_132346",2013-08-08 10:56:43,"B",-68.80099487,40.56399918
"160424_2013_132346",2013-08-08 12:59:29,"3",-68.37200928,40.55500031
"160424_2013_132346",2013-08-08 13:21:55,"2",-68.3710022,40.55799866
"160424_2013_132346",2013-08-08 14:14:32,"1",-68.36299896,40.57799911
"160424_2013_132346",2013-08-08 14:17:09,"1",-68.36300659,40.57799911
"160424_2013_132346",2013-08-08 14:57:32,"3",-68.36999512,40.59899902
"160424_2013_132346",2013-08-08 16:30:02,"3",-68.34799194,40.61999893
"160424_2013_132346",2013-08-09 00:02:31,"B",-68.16900635,40.64599991
"160424_2013_132346",2013-08-09 00:41:35,"2",-68.11300659,40.67900085
"160424_2013_132346",2013-08-09 00:49:07,"1",-68.1289978,40.67300034
"160424_2013_132346",2013-08-09 01:42:05,"B",-68.12799072,40.68000031
"160424_2013_132346",2013-08-09 02:15:14,"B",-68.15499878,40.6590004
"160424_2013_132346",2013-08-09 04:50:35,"B",-68.11898804,40.70500183
"160424_2013_132346",2013-08-09 06:31:08,"B",-68.10598755,40.70399857
"160424_2013_132346",2013-08-09 07:35:50,"B",-67.89498901,40.62900162
"160424_2013_132346",2013-08-09 08:09:57,"0",-67.84500122,40.65200043
"160424_2013_132346",2013-08-09 08:11:51,"0",-67.84500122,40.65200043
"160424_2013_132346",2013-08-09 08:42:11,"0",-67.8380127,40.64199829
"160424_2013_132346",2013-08-09 08:57:13,"0",-67.8460083,40.64599991
"160424_2013_132346",2013-08-09 09:12:00,"3",-67.8460083,40.64300156
"160424_2013_132346",2013-08-09 12:03:14,"A",-67.875,40.68999863
"160424_2013_132346",2013-08-10 00:17:43,"1",-67.76800537,40.88100052
"160424_2013_132346",2013-08-10 00:19:42,"2",-67.77099609,40.87599945
"160424_2013_132346",2013-08-10 01:13:03,"A",-67.77200317,40.89199829
"160424_2013_132346",2013-08-10 02:03:23,"B",-67.75100708,40.89799881
"160424_2013_132346",2013-08-10 06:20:53,"1",-67.59298706,40.93999863
"160424_2013_132346",2013-08-10 07:15:47,"2",-67.57901001,40.95399857
"160424_2013_132346",2013-08-10 07:59:01,"1",-67.56698608,40.96099854
"160424_2013_132346",2013-08-10 08:00:11,"1",-67.56700134,40.96099854
"160424_2013_132346",2013-08-10 08:15:35,"B",-67.56399536,40.95899963
"160424_2013_132346",2013-08-10 08:59:21,"1",-67.54000854,40.95199966
"160424_2013_132346",2013-08-11 00:00:53,"1",-67.48300171,41.17300034
"160424_2013_132346",2013-08-11 00:07:05,"2",-67.49499512,41.17699814
"160424_2013_132346",2013-08-11 07:15:10,"B",-67.41900635,41.22000122
"160424_2013_132346",2013-08-11 07:50:24,"A",-67.51199341,41.15999985
"160424_2013_132346",2013-08-11 08:13:34,"B",-67.51400757,41.1590004
"160424_2013_132346",2013-08-11 08:45:21,"3",-67.47499847,41.13000107
"160424_2013_132346",2013-08-11 08:47:59,"3",-67.4750061,41.13000107
"160424_2013_132346",2013-08-11 09:22:14,"3",-67.46798706,41.11299896
"160424_2013_132346",2013-08-11 09:51:03,"0",-67.46200562,41.08800125
"160424_2013_132346",2013-08-11 10:30:05,"A",-67.43899536,41.06900024
"160424_2013_132346",2013-08-11 11:00:22,"2",-67.45999146,41.04199982
"160424_2013_132346",2013-08-11 11:29:48,"1",-67.45001221,41.02500153
"160424_2013_132346",2013-08-12 00:33:04,"B",-67.46099854,40.98899841
"160424_2013_132346",2013-08-12 06:54:55,"2",-67.07699585,41.0019989
"160424_2013_132346",2013-08-12 08:38:15,"B",-67.0369873,40.97900009
"160424_2013_132346",2013-08-12 09:29:30,"2",-67.03399658,41.02399826
"160424_2013_132346",2013-08-12 10:21:09,"B",-67.01800537,41.02500153
"160424_2013_132346",2013-08-12 10:32:39,"2",-67.04098511,41.02700043
"160424_2013_132346",2013-08-12 11:05:56,"1",-67.05899048,41.03300095
"160424_2013_132346",2013-08-12 12:11:16,"1",-67.05499268,41.0359993
"160424_2013_132346",2013-08-12 12:55:13,"B",-67.05099487,41.03900146
"160424_2013_132346",2013-08-13 00:23:21,"1",-66.68499756,41.07799911
"160424_2013_132346",2013-08-13 01:24:36,"A",-66.68599701,41.06000137
"160424_2013_132346",2013-08-13 01:26:45,"A",-66.68600464,41.06000137
"160424_2013_132346",2013-08-13 02:00:50,"B",-66.68399048,41.05799866
"160424_2013_132346",2013-08-13 05:45:33,"B",-66.62200928,41.06399918
"160424_2013_132346",2013-08-13 08:29:21,"B",-66.625,41.18199921
"160424_2013_132346",2013-08-13 09:00:15,"1",-66.55801392,41.19499969
"160424_2013_132346",2013-08-13 09:56:51,"0",-66.56900024,41.20700073
"160424_2013_132346",2013-08-13 10:42:17,"2",-66.51098633,41.22499847
"160424_2013_132346",2013-08-13 11:38:57,"2",-66.47900391,41.23699951
"160424_2013_132346",2013-08-13 12:00:21,"0",-66.46200562,41.23600006
"160424_2013_132346",2013-08-14 01:11:17,"1",-66.33899689,41.45999908
"160424_2013_132346",2013-08-14 01:11:28,"1",-66.33898926,41.45999908
"160424_2013_132346",2013-08-14 01:29:12,"B",-66.3420105,41.45999908
"160424_2013_132346",2013-08-14 02:14:52,"1",-66.34698486,41.46900177
"160424_2013_132346",2013-08-14 02:49:31,"2",-66.35900879,41.47600174
"160424_2013_132346",2013-08-14 05:34:42,"B",-66.33999634,41.51900101
"160424_2013_132346",2013-08-14 07:15:22,"2",-66.48001099,41.6230011
"160424_2013_132346",2013-08-14 07:18:10,"2",-66.48000336,41.6230011
"160424_2013_132346",2013-08-14 07:47:34,"B",-66.47799683,41.63999939
"160424_2013_132346",2013-08-14 08:10:44,"2",-66.47601318,41.65399933
"160424_2013_132346",2013-08-14 08:34:53,"3",-66.46398926,41.66799927
"160424_2013_132346",2013-08-14 09:00:39,"A",-66.46398926,41.68600082
"160424_2013_132346",2013-08-15 00:19:00,"B",-66.5960083,41.93700027
"160424_2013_132346",2013-08-15 02:37:05,"A",-66.46398926,41.84899902
"160424_2013_132346",2013-08-15 02:52:30,"B",-66.46398926,41.84899902
"160424_2013_132346",2013-08-15 06:23:57,"B",-66.45800781,41.9109993
"160424_2013_132346",2013-08-15 11:31:47,"B",-66.50299072,41.99100113
"160424_2013_132346",2013-08-15 14:19:33,"A",-66.62799072,42.02000046
"160424_2013_132346",2013-08-15 15:03:07,"B",-66.63900757,42.02999878
"160424_2013_132346",2013-08-15 16:53:40,"0",-66.55099487,42.04000092
"160424_2013_132346",2013-08-15 17:51:47,"1",-66.71200562,42.06600189
"160424_2013_132346",2013-08-15 17:53:33,"1",-66.71199799,42.06600189
"160424_2013_132346",2013-08-16 00:28:29,"B",-66.64801025,42.2179985
"160424_2013_132346",2013-08-16 00:45:35,"2",-66.61599731,42.21300125
"160424_2013_132346",2013-08-16 00:54:44,"2",-66.6269989,42.2159996
"160424_2013_132346",2013-08-16 00:57:20,"2",-66.62701416,42.2159996
"160424_2013_132346",2013-08-16 08:36:02,"B",-66.63598633,42.2120018
"160424_2013_132346",2013-08-16 09:25:57,"2",-66.64801025,42.22399902
"160424_2013_132346",2013-08-16 09:30:48,"2",-66.66300201,42.22800064
"160424_2013_132346",2013-08-16 09:38:07,"2",-66.66299438,42.22800064
"160424_2013_132346",2013-08-16 10:04:18,"1",-66.64700317,42.24399948
"160424_2013_132346",2013-08-16 11:08:14,"A",-66.68301392,42.26699829
"160424_2013_132346",2013-08-16 11:44:46,"B",-66.69000244,42.27199936
"160424_2013_132346",2013-08-16 12:13:56,"A",-66.67599487,42.2820015
"160424_2013_132346",2013-08-17 10:50:36,"A",-66.76800537,42.25400162
"160424_2013_132346",2013-08-17 12:49:44,"1",-67.08200073,42.29899979
"160424_2013_132346",2013-08-17 13:38:40,"2",-67.08499146,42.29399872
"160424_2013_132346",2013-08-17 14:42:21,"B",-67.17800903,42.32799911
"160424_2013_132346",2013-08-17 15:19:21,"2",-67.07299805,42.29399872
"160424_2013_132346",2013-08-17 16:34:09,"2",-67.08099365,42.27600098
"160424_2013_132346",2013-08-17 16:53:27,"0",-67.07800293,42.26800156
"160424_2013_132346",2013-08-17 18:48:09,"1",-67.10501099,42.26599884
"160424_2013_132346",2013-08-18 07:32:06,"B",-67.21899414,42.18799973
"160424_2013_132346",2013-08-18 10:22:06,"B",-67.22601318,42.17599869
"160424_2013_132346",2013-08-18 11:58:39,"A",-67.27301025,42.24200058
"160424_2013_132346",2013-08-18 12:36:26,"B",-67.28601074,42.24599838
"160424_2013_132346",2013-08-18 13:12:05,"3",-67.33099365,42.25500107
"160424_2013_132346",2013-08-18 14:05:02,"A",-67.34298706,42.27700043
"160424_2013_132346",2013-08-18 14:08:05,"A",-67.34400177,42.27700043
"160424_2013_132346",2013-08-18 14:17:04,"A",-67.36499023,42.2820015
"160424_2013_132346",2013-08-18 14:56:10,"B",-67.3710022,42.28900146
"160424_2013_132346",2013-08-18 15:42:40,"A",-67.35501099,42.31100082
"160424_2013_132346",2013-08-18 16:03:18,"A",-67.39300537,42.3219986
"160424_2013_132346",2013-08-18 16:28:54,"A",-67.38800049,42.33499908
"160424_2013_132346",2013-08-18 16:37:21,"2",-67.36801147,42.32600021
"160424_2013_132346",2013-08-18 17:20:24,"1",-67.36898804,42.32699966
"160424_2013_132346",2013-08-18 18:56:03,"A",-67.37000275,42.36100006
"160424_2013_132346",2013-08-19 00:15:55,"B",-67.47799683,42.43299866
"160424_2013_132346",2013-08-19 00:33:59,"2",-67.50799561,42.39899826
"160424_2013_132346",2013-08-19 01:32:47,"B",-67.52301025,42.4070015
"160424_2013_132346",2013-08-19 01:44:42,"A",-67.52600098,42.4090004
"160424_2013_132346",2013-08-19 02:21:53,"A",-67.53900146,42.40999985
"160424_2013_132346",2013-08-19 03:09:46,"B",-67.54901123,42.41500092
"160424_2013_132346",2013-08-19 04:42:23,"1",-67.53900146,42.39599991
"160424_2013_132346",2013-08-19 06:27:39,"B",-67.56298828,42.40000153
"160424_2013_132346",2013-08-19 08:05:52,"B",-67.58200073,42.40499878
"160424_2013_132346",2013-08-19 09:06:26,"B",-67.61999512,42.40999985
"160424_2013_132346",2013-08-19 10:40:57,"A",-67.76501465,42.49900055
"160424_2013_132346",2013-08-19 11:34:36,"B",-67.79901123,42.5379982
"160424_2013_132346",2013-08-19 11:35:40,"B",-67.79599762,42.5379982
"160424_2013_132346",2013-08-20 00:02:41,"B",-68.33099365,42.72999954
"160424_2013_132346",2013-08-20 01:41:09,"1",-68.05899048,42.67599869
"160424_2013_132346",2013-08-20 01:42:03,"1",-68.05899811,42.67599869
"160424_2013_132346",2013-08-20 04:34:20,"B",-68.07400513,42.68399811
"160424_2013_132346",2013-08-20 07:56:10,"B",-68.14599609,42.70800018
"160424_2013_132346",2013-08-20 08:48:32,"B",-68.14300537,42.70299911
"160424_2013_132346",2013-08-20 09:38:25,"1",-68.22399902,42.68999863
"160424_2013_132346",2013-08-20 10:29:52,"1",-68.22799683,42.68299866
"160424_2013_132346",2013-08-20 11:08:43,"0",-68.25601196,42.68000031
"160424_2013_132346",2013-08-20 11:19:19,"1",-68.25100708,42.68700027
"160424_2013_132346",2013-08-20 12:19:04,"0",-68.26599121,42.69900131
"160424_2013_132346",2013-08-20 12:29:59,"1",-68.29199219,42.68299866
"160424_2013_132346",2013-08-20 13:22:03,"B",-68.31399536,42.68199921
"160424_2013_132346",2013-08-21 00:53:13,"1",-68.59500122,42.62200165
"160424_2013_132346",2013-08-21 00:54:35,"1",-68.59500122,42.62200165
"160424_2013_132346",2013-08-21 01:09:08,"1",-68.61099243,42.60800171
"160424_2013_132346",2013-08-21 01:20:52,"2",-68.60699463,42.62900162
"160424_2013_132346",2013-08-21 01:32:21,"1",-68.60198975,42.6230011
"160424_2013_132346",2013-08-21 02:28:09,"B",-68.60198975,42.6269989
"160424_2013_132346",2013-08-21 03:07:43,"0",-68.64700317,42.6230011
"160424_2013_132346",2013-08-21 03:14:29,"2",-68.64498901,42.61299896
"160424_2013_132346",2013-08-21 06:01:13,"2",-68.70401001,42.60100174
"160424_2013_132346",2013-08-21 09:24:51,"A",-68.81900024,42.54999924
"160424_2013_132346",2013-08-21 10:19:09,"1",-68.79199219,42.58499908
"160424_2013_132346",2013-08-22 00:40:19,"1",-69.12200928,42.5719986
"160424_2013_132346",2013-08-22 01:11:41,"2",-69.13598633,42.58499908
"160424_2013_132346",2013-08-22 01:14:23,"1",-69.13400269,42.58399963
"160424_2013_132346",2013-08-22 02:52:16,"B",-69.1579895,42.60300064
"160424_2013_132346",2013-08-22 05:57:00,"B",-69.25900269,42.61600113
"160424_2013_132346",2013-08-22 10:04:17,"1",-69.37399292,42.5909996
"160424_2013_132346",2013-08-22 10:08:05,"1",-69.37400055,42.5909996
"160424_2013_132346",2013-08-22 10:15:42,"2",-69.37298584,42.59400177
"160424_2013_132346",2013-08-22 10:29:11,"0",-69.36898804,42.60400009
"160424_2013_132346",2013-08-22 11:53:53,"B",-69.40301514,42.61199951
"160424_2013_132346",2013-08-23 00:10:33,"0",-69.77200317,42.67100143
"160424_2013_132346",2013-08-23 00:13:09,"B",-69.77301025,42.67200089
"160424_2013_132346",2013-08-23 02:34:13,"3",-69.85800171,42.7120018
"160424_2013_132346",2013-08-23 02:44:36,"2",-69.86599731,42.70700073
"160424_2013_132346",2013-08-23 07:21:15,"3",-69.89700317,42.73099899
"160424_2013_132346",2013-08-23 08:13:03,"2",-69.91101074,42.73600006
"160424_2013_132346",2013-08-23 08:16:04,"B",-69.90701294,42.73600006
"160424_2013_132346",2013-08-23 09:48:32,"2",-69.89199829,42.70600128
"160424_2013_132346",2013-08-24 05:30:33,"2",-69.89199829,42.76300049
"160424_2013_132346",2013-08-24 08:04:34,"2",-69.94500732,42.79600143
"160424_2013_132346",2013-08-24 08:49:47,"B",-69.95498657,42.79899979
"160424_2013_132346",2013-08-24 09:18:51,"B",-69.96899414,42.80699921
"160424_2013_132346",2013-08-24 09:30:59,"B",-69.9670105,42.79999924
"160424_2013_132346",2013-08-24 10:59:02,"0",-69.96099854,42.80099869
"160424_2013_132346",2013-08-24 13:04:55,"2",-70.03201294,42.84999847
"160424_2013_132346",2013-08-24 14:24:38,"B",-70.0539856,42.86299896
"160424_2013_132346",2013-08-24 14:51:00,"1",-70.04699707,42.88800049
"160424_2013_132346",2013-08-24 15:22:04,"B",-70.0539856,42.89500046
"160424_2013_132346",2013-08-24 15:23:37,"B",-70.05099487,42.89400101
"160424_2013_132346",2013-08-25 00:10:10,"2",-70.06201172,42.86100006
"160424_2013_132346",2013-08-25 01:01:38,"A",-70.04501343,42.86199951
"160424_2013_132346",2013-08-25 01:49:35,"2",-70.04699707,42.87200165
"160424_2013_132346",2013-08-25 02:12:58,"B",-70.04699707,42.87200165
"160424_2013_132346",2013-08-25 02:51:15,"B",-70.04800415,42.87799835
"160424_2013_132346",2013-08-25 03:37:23,"B",-70.06298828,42.90599823
"160424_2013_132346",2013-08-25 05:20:06,"1",-70.08499146,42.94499969
"160424_2013_132346",2013-08-25 07:06:16,"1",-70.05700684,42.95100021
"160424_2013_132346",2013-08-25 07:50:10,"B",-70.06298828,42.96500015
"160424_2013_132346",2013-08-25 08:45:00,"0",-70.02700806,42.97800064
"160424_2013_132346",2013-08-26 00:15:43,"B",-69.83700562,43.14500046
"160424_2013_132346",2013-08-26 02:02:13,"B",-69.87200928,43.1780014
"160424_2013_132346",2013-08-26 02:26:38,"B",-69.9039917,43.1609993
"160424_2013_132346",2013-08-26 06:45:44,"B",-69.89898682,43.2140007
"160424_2013_132346",2013-08-26 07:44:24,"B",-69.90899658,43.17200089
"160424_2013_132346",2013-08-26 08:47:42,"B",-69.95199585,43.18099976
"160424_2013_132346",2013-08-26 10:24:26,"2",-69.99099731,43.16899872
"160424_2013_132346",2013-08-26 11:36:50,"B",-70.00799561,43.17100143
"160424_2013_132346",2013-08-26 12:03:07,"0",-70.00500488,43.17699814
"160424_2013_132346",2013-08-27 06:39:21,"A",-70.0880127,43.15999985
"160424_2013_132346",2013-08-27 21:19:15,"2",-70.0880127,43.24200058
"160424_2013_132346",2013-08-27 23:56:49,"A",-70.08999634,43.19499969
"160424_2013_132346",2013-08-28 00:48:18,"B",-70.0920105,43.19200134
"160424_2013_132346",2013-08-28 06:25:05,"3",-70.08401489,43.23300171
"160424_2013_132346",2013-08-28 07:55:00,"B",-70.08999634,43.23400116
"160424_2013_132346",2013-08-28 09:44:56,"B",-70.09100342,43.23600006
"160424_2013_132346",2013-08-28 10:37:48,"B",-70.06900024,43.27899933
"160424_2013_132346",2013-08-28 12:09:19,"A",-70.10299683,43.31200027
"160424_2013_132346",2013-08-28 12:18:47,"B",-70.11898804,43.29499817
"160424_2013_132346",2013-08-28 13:08:41,"1",-70.13299561,43.31900024
"160424_2013_132346",2013-08-28 19:24:41,"B",-70.09399414,43.34400177
"160424_2013_132346",2013-08-28 19:39:52,"1",-70.07199097,43.35800171
"160424_2013_132346",2013-08-28 22:42:09,"1",-70.07598877,43.34999847
"160424_2013_132346",2013-08-29 00:37:12,"B",-70.08898926,43.36899948
"160424_2013_132346",2013-08-29 01:23:59,"B",-70.08300781,43.34999847
"160424_2013_132346",2013-08-29 02:05:39,"2",-70.06201172,43.33000183
"160424_2013_132346",2013-08-29 09:15:52,"A",-69.98001099,43.34600067
"160424_2013_132346",2013-08-29 10:32:38,"A",-69.98999023,43.33399963
"160424_2013_132346",2013-08-29 11:37:39,"2",-69.96600342,43.38000107
"160424_2013_132346",2013-08-29 12:29:41,"B",-69.96099854,43.38700104
"160424_2013_132346",2013-08-29 14:30:43,"1",-69.95300293,43.39400101
"160424_2013_132346",2013-08-29 15:17:23,"1",-69.93301392,43.38299942
"160424_2013_132346",2013-08-29 15:27:00,"1",-69.93499756,43.38700104
"160424_2013_132346",2013-08-30 00:08:26,"1",-69.9710083,43.38999939
"160424_2013_132346",2013-08-30 01:21:08,"B",-69.96200562,43.39099884
"160424_2013_132346",2013-08-30 07:02:26,"B",-69.91699219,43.32799911
"160424_2013_132346",2013-08-30 13:19:01,"B",-69.91500854,43.34700012
"160424_2013_132346",2013-08-30 13:32:52,"1",-69.86099243,43.38000107
"160424_2013_132346",2013-08-30 15:20:23,"1",-69.85900879,43.40599823
"160424_2013_132346",2013-08-30 15:57:27,"1",-69.8690033,43.41999817
"160424_2013_132346",2013-08-30 15:58:42,"1",-69.86898804,43.41999817
"160424_2013_132346",2013-08-30 18:27:48,"B",-69.87799072,43.43899918
"160424_2013_132346",2013-08-31 06:45:02,"B",-69.85800171,43.51300049
"160424_2013_132346",2013-08-31 08:54:23,"2",-69.71099854,43.37799835
"160424_2013_132346",2013-08-31 10:02:57,"0",-69.71398926,43.38800049
"160424_2013_132346",2013-08-31 10:04:41,"2",-69.70901489,43.38700104
"160424_2013_132346",2013-08-31 10:07:25,"2",-69.70899963,43.38700104
"160424_2013_132346",2013-08-31 10:30:35,"2",-69.70098877,43.38100052
"160424_2013_132346",2013-08-31 11:45:07,"B",-69.66699219,43.37799835
"160424_2013_132346",2013-08-31 12:16:05,"B",-69.65899658,43.375
"160424_2013_132346",2013-08-31 13:43:28,"B",-69.64700317,43.3429985
"160424_2013_132346",2013-08-31 14:39:00,"A",-69.66699982,43.32400131
"160424_2013_132346",2013-08-31 14:43:48,"A",-69.66900635,43.32400131
"160424_2013_132346",2013-08-31 15:07:16,"1",-69.61599731,43.30599976
"160424_2013_132346",2013-08-31 15:23:14,"B",-69.61801147,43.30599976
"160424_2013_132346",2013-08-31 16:22:10,"B",-69.59899902,43.30400085
"160424_2013_132346",2013-08-31 16:43:53,"A",-69.6289978,43.31999969
"160424_2013_132346",2013-08-31 17:05:21,"B",-69.59298706,43.31700134
"160424_2013_132346",2013-09-01 00:25:39,"B",-69.46499634,43.29499817
"160424_2013_132346",2013-09-01 02:50:34,"B",-69.44299316,43.2879982
"160424_2013_132346",2013-09-01 05:48:05,"B",-69.41699219,43.26900101
"160424_2013_132346",2013-09-01 07:31:31,"B",-69.37399292,43.25999832
"160424_2013_132346",2013-09-01 09:40:23,"1",-69.26998901,43.16699982
"160424_2013_132346",2013-09-01 09:56:30,"2",-69.26501465,43.16199875
"160424_2013_132346",2013-09-01 09:59:51,"0",-69.26699829,43.16500092
"160424_2013_132346",2013-09-01 11:24:15,"B",-69.22000122,43.13999939
"160424_2013_132346",2013-09-01 11:43:28,"0",-69.26998901,43.12200165
"160424_2013_132346",2013-09-01 13:08:17,"1",-69.26199341,43.10599899
"160424_2013_132346",2013-09-01 13:26:20,"A",-69.26501465,43.09799957
"160424_2013_132346",2013-09-01 16:32:42,"B",-69.22000122,43.04000092
"160424_2013_132346",2013-09-01 16:41:58,"B",-69.22601318,43.04199982
"160424_2013_132346",2013-09-01 18:07:31,"B",-69.20498657,43.01800156
"160424_2013_132346",2013-09-01 19:18:55,"B",-69.20599365,43.00799942
"160424_2013_132346",2013-09-01 19:44:50,"B",-69.20999146,43
"160424_2013_132346",2013-09-01 21:30:38,"B",-69.19400024,42.9679985
"160424_2013_132346",2013-09-02 09:49:05,"B",-69.20401001,42.75
"160424_2013_132346",2013-09-02 11:15:48,"B",-69.19100952,42.72800064
"160424_2013_132346",2013-09-02 14:34:35,"A",-69.29901123,42.80599976
"160424_2013_132346",2013-09-02 14:46:23,"B",-69.32901001,42.79100037
"160424_2013_132346",2013-09-02 15:41:29,"B",-69.33200073,42.78499985
"160424_2013_132346",2013-09-02 16:26:06,"B",-69.35501099,42.77399826
"160424_2013_132346",2013-09-02 17:52:56,"B",-69.36300659,42.74399948
"160424_2013_132346",2013-09-02 18:39:44,"B",-69.35900879,42.72399902
"160424_2013_132346",2013-09-02 19:35:33,"B",-69.35800171,42.70100021
"160424_2013_132346",2013-09-02 20:33:31,"B",-69.35998535,42.68199921
"160424_2013_132346",2013-09-02 21:20:44,"B",-69.36599731,42.66899872
"160424_2013_132346",2013-09-02 23:18:50,"B",-69.37600708,42.63600159
"160424_2013_132346",2013-09-03 12:06:24,"B",-69.38198853,42.47200012
"160424_2013_132346",2013-09-03 12:53:20,"B",-69.39898682,42.48199844
"160424_2013_132346",2013-09-03 13:35:49,"B",-69.43399811,42.4659996
"160424_2013_132346",2013-09-03 14:31:26,"2",-69.47698975,42.4679985
"160424_2013_132346",2013-09-03 15:13:17,"B",-69.4630127,42.46500015
"160424_2013_132346",2013-09-03 15:13:48,"1",-69.46200562,42.46699905
"160424_2013_132346",2013-09-03 15:59:25,"A",-69.44699097,42.45000076
"160424_2013_132346",2013-09-03 18:34:30,"3",-69.43301392,42.42699814
"160424_2013_132346",2013-09-03 19:24:08,"1",-69.44699097,42.42300034
"160424_2013_132346",2013-09-03 20:12:36,"2",-69.42999268,42.42699814
"160424_2013_132346",2013-09-04 07:51:25,"B",-69.40600586,42.35400009
"160424_2013_132346",2013-09-04 09:21:49,"2",-69.41699219,42.19300079
"160424_2013_132346",2013-09-04 10:08:18,"1",-69.45098877,42.18299866
"160424_2013_132346",2013-09-04 11:02:55,"B",-69.46200562,42.15800095
"160424_2013_132346",2013-09-04 11:42:39,"A",-69.45700073,42.18799973
"160424_2013_132346",2013-09-04 11:49:01,"1",-69.45001221,42.18399811
"160424_2013_132346",2013-09-04 14:09:26,"B",-69.46499634,42.16899872
"160424_2013_132346",2013-09-04 14:54:16,"A",-69.44699097,42.18399811
"160424_2013_132346",2013-09-04 15:46:29,"0",-69.45098877,42.18000031
"160424_2013_132346",2013-09-04 15:56:27,"B",-69.47698975,42.1969986
"160424_2013_132346",2013-09-05 05:02:10,"B",-69.51501465,42.0890007
"160424_2013_132346",2013-09-05 09:39:31,"2",-69.4079895,41.93500137
"160424_2013_132346",2013-09-05 09:41:29,"2",-69.4079895,41.93299866
"160424_2013_132346",2013-09-05 10:53:06,"B",-69.40600586,41.91600037
"160424_2013_132346",2013-09-05 11:15:21,"2",-69.41000366,41.93399811
"160424_2013_132346",2013-09-05 11:18:31,"B",-69.41101074,41.93299866
"160424_2013_132346",2013-09-05 12:22:19,"0",-69.42001343,41.93700027
"160424_2013_132346",2013-09-05 13:46:32,"2",-69.41400146,41.95199966
"160424_2013_132346",2013-09-05 14:01:38,"1",-69.43399048,41.95700073
"160424_2013_132346",2013-09-06 09:07:08,"B",-69.40701294,41.89099884
"160424_2013_132346",2013-09-06 10:46:38,"3",-69.14801025,41.83200073
"160424_2013_132346",2013-09-06 10:54:59,"2",-69.14001465,41.82799911
"160424_2013_132346",2013-09-06 10:59:00,"2",-69.13999939,41.82799911
"160424_2013_132346",2013-09-06 13:22:49,"1",-69.11999512,41.82500076
"160424_2013_132346",2013-09-06 13:55:19,"A",-69.10598755,41.8219986
"160424_2013_132346",2013-09-06 15:05:16,"2",-69.09698486,41.82799911
"160424_2013_132346",2013-09-07 06:25:31,"B",-69.20800781,41.73500061
"160424_2013_132346",2013-09-07 10:14:20,"1",-69.28399658,41.74499893
"160424_2013_132346",2013-09-07 10:27:52,"B",-69.28399658,41.74499893
"160424_2013_132346",2013-09-07 11:54:24,"1",-69.2869873,41.77500153
"160424_2013_132346",2013-09-07 11:59:01,"B",-69.28799438,41.77500153
"160424_2013_132346",2013-09-07 15:17:27,"B",-69.31500244,41.81299973
"160424_2013_132346",2013-09-07 15:29:49,"A",-69.26699829,41.83200073
"160424_2013_132346",2013-09-07 16:24:10,"2",-69.26699829,41.83200073
"160424_2013_132346",2013-09-07 18:38:39,"2",-69.25299072,41.84899902
"160424_2013_132346",2013-09-07 18:42:19,"2",-69.2519989,41.84899902
"160424_2013_132346",2013-09-08 00:20:06,"2",-69.17700195,41.90499878
"160424_2013_132346",2013-09-08 01:21:14,"B",-69.17300415,41.9109993
"160424_2013_132346",2013-09-08 01:59:33,"1",-69.15301514,41.94400024
"160424_2013_132346",2013-09-08 02:46:26,"3",-69.13198853,41.95899963
"160424_2013_132346",2013-09-08 02:53:17,"B",-69.13000488,41.96099854
"160424_2013_132346",2013-09-08 03:43:48,"B",-69.11599731,41.97800064
"160424_2013_132346",2013-09-08 07:03:15,"0",-69.02999878,42.02199936
"160424_2013_132346",2013-09-08 07:46:37,"B",-69.01901245,42.03499985
"160424_2013_132346",2013-09-08 08:26:22,"1",-69.04299927,42.02700043
"160424_2013_132346",2013-09-09 00:01:10,"2",-68.79299927,42.04100037
"160424_2013_132346",2013-09-09 00:50:05,"B",-68.78601074,42.04800034
"160424_2013_132346",2013-09-09 01:37:54,"1",-68.78201294,42.03499985
"160424_2013_132346",2013-09-09 03:24:22,"0",-68.79098511,42.03900146
"160424_2013_132346",2013-09-10 09:21:11,"1",-68.17401123,41.94100189
"160424_2013_132346",2013-09-10 09:56:41,"2",-68.16299438,41.95100021
"160424_2013_132346",2013-09-10 10:20:18,"2",-68.14498901,41.94300079
"160424_2013_132346",2013-09-10 10:57:08,"2",-68.10900879,41.94400024
"160424_2013_132346",2013-09-10 12:00:29,"0",-68.07901001,41.92200089
"160424_2013_132346",2013-09-10 12:58:50,"2",-68.04199219,41.92200089
"160424_2013_132346",2013-09-10 13:43:05,"2",-68.0249939,41.93199921
"160424_2013_132346",2013-09-11 01:00:32,"B",-67.70800781,42.11199951
"160424_2013_132346",2013-09-11 02:10:19,"B",-67.76800537,42.11100006
"160424_2013_132346",2013-09-11 05:34:25,"2",-67.87799072,42.15399933
"160424_2013_132346",2013-09-11 09:01:34,"B",-67.86199951,42.18299866
"160424_2013_132346",2013-09-11 09:45:02,"2",-67.80099487,42.1780014
"160424_2013_132346",2013-09-11 09:47:47,"2",-67.80499268,42.17100143
"160424_2013_132346",2013-09-12 00:20:11,"2",-67.24099731,42.22399902
"160424_2013_132346",2013-09-12 00:38:12,"2",-67.21200562,42.22399902
"160424_2013_132346",2013-09-12 01:31:48,"1",-67.18200684,42.20100021
"160424_2013_132346",2013-09-12 01:56:29,"3",-67.14599609,42.1969986
"160424_2013_132346",2013-09-12 02:16:02,"2",-67.1210022,42.19300079
"160424_2013_132346",2013-09-12 05:23:25,"3",-67.04901123,42.15999985
"160424_2013_132346",2013-09-13 09:45:44,"1",-66.34500122,41.83499908
"160424_2013_132346",2013-09-13 10:23:43,"1",-66.2869873,41.83800125
"160424_2013_132346",2013-09-13 11:23:02,"1",-66.25100708,41.84000015
"160424_2013_132346",2013-09-13 12:06:06,"B",-66.19699097,41.83300018
"160424_2013_132346",2013-09-13 12:23:48,"2",-66.20800781,41.84000015
"160424_2013_132346",2013-09-13 12:34:09,"1",-66.19500732,41.82400131
"160424_2013_132346",2013-09-13 13:27:48,"B",-66.15100098,41.82400131
"160424_2013_132346",2013-09-14 16:31:24,"1",-65.93701172,41.36899948
"160424_2013_132346",2013-09-14 18:18:51,"0",-65.89001465,41.35900116
"160424_2013_132346",2013-09-14 18:56:29,"A",-65.89599609,41.32600021
"160424_2013_132346",2013-09-14 20:38:55,"1",-65.97399902,41.31200027
"160424_2013_132346",2013-09-14 20:45:04,"1",-65.97000122,41.30599976
"160424_2013_132346",2013-09-14 22:05:51,"3",-66,41.30899811
"160424_2013_132346",2013-09-15 08:19:04,"B",-65.96600342,41.1570015
"160424_2013_132346",2013-09-15 10:36:13,"B",-65.99398804,41.15599823
"160424_2013_132346",2013-09-15 13:42:30,"2",-66.0289917,41.02999878
"160424_2013_132346",2013-09-15 14:34:14,"0",-66.0289917,41.02000046
"160424_2013_132346",2013-09-15 15:13:19,"1",-66.00698853,41.01900101
"160424_2013_132346",2013-09-15 15:23:28,"1",-66.01599121,41.02199936
"160424_2013_132346",2013-09-16 13:11:43,"3",-65.7869873,40.72200012
"160424_2013_132346",2013-09-16 13:29:10,"A",-65.78500366,40.72299957
"160424_2013_132346",2013-09-16 14:02:54,"1",-65.77200317,40.70399857
"160424_2013_132346",2013-09-16 14:58:37,"2",-65.77700806,40.70100021
"160424_2013_132346",2013-09-16 15:09:14,"2",-65.77301025,40.70299911
"160424_2013_132346",2013-09-17 09:53:34,"B",-65.58999634,40.50899887
"160424_2013_132346",2013-09-17 14:37:16,"B",-65.66400146,40.44900131
"160424_2013_132346",2013-09-17 16:01:00,"2",-65.56399536,40.41199875
"160424_2013_132346",2013-09-17 16:12:35,"1",-65.56298828,40.41400146
"160424_2013_132346",2013-09-18 00:17:58,"0",-65.50299072,40.2879982
"160424_2013_132346",2013-09-20 17:14:17,"A",-64.08499146,40.03300095
"160424_2013_132346",2013-09-23 10:12:13,"A",-62.42498779,38.5870018
"160424_2013_132346",2013-09-23 10:39:43,"2",-62.28900146,38.56000137
"160424_2013_132346",2013-09-26 17:42:54,"1",-61.61300659,37.63299942
"160424_2013_132346",2013-09-29 02:17:18,"A",-61.4079895,36.85400009
"160424_2013_132346",2013-09-29 05:43:54,"1",-62.13101196,36.61399841
"160424_2013_132346",2013-09-29 09:55:26,"2",-62.19400024,36.48899841
"160424_2013_132346",2013-09-29 10:19:59,"2",-62.2130127,36.47800064
"160424_2013_132346",2013-09-29 15:53:33,"0",-62.29598999,36.38899994
"160424_2013_132346",2013-09-29 18:50:53,"1",-62.38101196,36.27700043
"160424_2013_132346",2013-09-29 19:31:00,"2",-62.4039917,36.25999832
"160424_2013_132346",2013-09-29 19:32:46,"2",-62.40899658,36.25699997
"160424_2013_132346",2013-09-30 11:09:29,"0",-62.51699829,35.83000183
"160424_2013_132346",2013-09-30 11:28:16,"B",-62.52099609,35.8219986
"160424_2013_132346",2013-09-30 15:08:52,"2",-62.5249939,35.70500183
"160424_2013_132346",2013-09-30 15:21:10,"A",-62.51699829,35.70399857
"160424_2013_132346",2013-09-30 15:42:18,"B",-62.51599121,35.70199966
"160424_2013_132346",2013-10-01 13:06:32,"2",-62.2829895,35.10300064
"160424_2013_132346",2013-10-01 20:52:10,"B",-62.35400391,34.87799835
"160424_2013_132346",2013-10-02 05:10:08,"B",-62.45300293,34.56900024
"160424_2013_132346",2013-10-02 07:38:25,"1",-62.0039978,34.68500137
"160424_2013_132346",2013-10-03 09:56:06,"3",-61.81698608,34.27999878
"160424_2013_132346",2013-10-04 00:49:28,"B",-61.88699341,34.0909996
"160424_2013_132346",2013-10-04 01:21:08,"2",-61.84100342,34.04600143
"160424_2013_132346",2013-10-05 09:06:04,"2",-62.00601196,33.47200012
"160424_2013_132346",2013-10-06 00:35:02,"B",-62.02301025,33.46099854
"160424_2013_132346",2013-10-07 00:10:33,"B",-62.44000244,32.9090004
"160424_2013_132346",2013-10-07 08:22:09,"1",-62.3999939,32.4640007
"160424_2013_132346",2013-10-07 08:23:08,"3",-62.40200806,32.46300125
"160424_2013_132346",2013-10-07 23:56:52,"0",-62.31500244,32.23099899
"160424_2013_132346",2013-10-08 00:48:53,"A",-62.43200684,32.1269989
"160424_2013_132346",2013-10-08 06:27:15,"B",-62.3380127,31.875
"160424_2013_132346",2013-10-08 09:36:24,"0",-62.71499634,31.94799995
"160424_2013_132346",2013-10-08 09:48:23,"1",-62.73800659,31.94499969
"160424_2013_132346",2013-10-13 10:55:27,"0",-63.11999512,29.75300026
"160424_2013_132346",2013-10-13 17:53:42,"B",-63.26000977,29.49300003
"160424_2013_132346",2013-10-13 18:38:52,"2",-63.17498779,29.5909996
"160424_2013_132346",2013-10-13 21:57:06,"3",-63.18301392,29.56500053
"160424_2013_132346",2013-10-13 22:08:26,"B",-63.18301392,29.56200027
"160424_2013_132346",2013-10-14 20:04:45,"1",-63.23599243,29.20499992
"160424_2013_132346",2013-10-14 20:06:47,"2",-63.23901367,29.20599937
"160424_2013_132346",2013-10-15 08:28:51,"0",-63.28900146,28.99399948
"160424_2013_132346",2013-10-15 08:32:56,"B",-63.28900146,28.99300003
"160424_2013_132346",2013-10-15 19:43:54,"2",-63.28201294,28.77899933
"160424_2013_132346",2013-10-15 19:53:06,"3",-63.27301025,28.77300072
"160424_2013_132346",2013-10-16 08:06:35,"B",-63.2749939,28.57500076
"160424_2013_132346",2013-10-16 09:40:45,"2",-63.29000854,28.56100082
"160424_2013_132346",2013-10-16 12:27:33,"1",-63.28201294,28.52499962
"160424_2013_132346",2013-10-16 12:55:13,"2",-63.30200195,28.51600075
"160424_2013_132346",2013-10-17 09:49:03,"2",-63.3999939,28.14999962
"160424_2013_132346",2013-10-17 15:39:45,"B",-63.39199829,28.04199982
"160424_2013_132346",2013-10-17 17:53:52,"B",-63.43499756,28.02000046
"160424_2013_132346",2013-10-17 21:09:21,"B",-63.43399048,27.94199944
"160424_2013_132346",2013-10-18 07:56:22,"0",-63.48901367,27.75900078
"160424_2013_132346",2013-10-18 10:24:59,"B",-63.48800659,27.70100021
"160424_2013_132346",2013-10-18 14:53:54,"1",-63.5880127,27.63699913
"160424_2013_132346",2013-10-18 15:23:38,"B",-63.58898926,27.62599945
"160424_2013_132346",2013-10-18 19:20:55,"2",-63.60699463,27.55999947
"160424_2013_132346",2013-10-19 10:16:13,"B",-63.625,27.27400017
"160424_2013_132346",2013-10-19 11:28:55,"B",-63.61801147,27.30200005
"160424_2013_132346",2013-10-19 18:28:47,"B",-63.80801392,27.16399956
"160424_2013_132346",2013-10-20 07:33:29,"3",-63.875,26.92300034
"160424_2013_132346",2013-10-20 11:01:57,"B",-63.90301514,26.86000061
"160424_2013_132346",2013-10-20 14:54:17,"B",-63.92999268,26.77000046
"160424_2013_132346",2013-10-21 06:59:38,"B",-64.05300903,26.35899925
"160424_2013_132346",2013-10-21 07:42:59,"B",-64.02200317,26.37299919
"160424_2013_132346",2013-10-21 10:20:46,"2",-64.04901123,26.32999992
"160424_2013_132346",2013-10-21 22:17:47,"2",-64.10699463,26.04700089
"160424_2013_132346",2013-10-22 12:55:38,"2",-64.03601074,25.67900085
"160424_2013_132346",2013-10-23 06:30:36,"1",-63.9460144,25.23200035
"160424_2013_132346",2013-10-23 07:01:28,"B",-63.94500732,25.22100067
"160424_2013_132346",2013-10-23 10:09:37,"2",-63.93200684,25.14299965
"160424_2013_132346",2013-10-23 10:59:07,"A",-63.92300415,25.11800003
"160424_2013_132346",2013-10-24 04:41:08,"A",-63.81100464,24.79899979
"160424_2013_132346",2013-10-24 06:52:02,"2",-63.88198853,24.6989994
"160424_2013_132346",2013-10-24 07:59:39,"A",-63.89401245,24.68700027
"160424_2013_132346",2013-10-24 08:06:43,"1",-63.86199951,24.69199944
"160424_2013_132346",2013-10-24 17:37:28,"0",-63.90301514,24.48399925
"160424_2013_132346",2013-10-24 20:58:37,"A",-63.95800781,24.41200066
"160424_2013_132346",2013-10-25 07:44:00,"0",-63.99099731,24.30500031
"160424_2013_132346",2013-10-25 10:02:06,"1",-64.01098633,24.21699905
"160424_2013_132346",2013-10-26 07:36:32,"2",-64.10299683,23.81800079
"160424_2013_132346",2013-10-26 09:31:55,"2",-64.10998535,23.7840004
"160424_2013_132346",2013-10-27 08:30:28,"3",-64.05599976,23.35199928
"160424_2013_132346",2013-10-27 10:18:39,"0",-64.06100464,23.31299973
"160424_2013_132346",2013-10-27 10:31:59,"3",-64.05499268,23.31500053
"160424_2013_132346",2013-10-27 18:43:31,"2",-64.04800415,23.13199997
"160424_2013_132346",2013-10-27 19:21:59,"2",-64.05599976,23.12199974
"160424_2013_132346",2013-10-28 03:00:01,"A",-64.04000854,22.98800087
"160424_2013_132346",2013-10-28 05:34:08,"A",-64.04998779,22.93899918
"160424_2013_132346",2013-10-28 07:58:02,"A",-64.0039978,22.91699982
"160424_2013_132346",2013-10-28 08:09:03,"1",-64.03201294,22.88800049
"160424_2013_132346",2013-10-28 08:27:23,"0",-64.03399658,22.89800072
"160424_2013_132346",2013-10-28 09:47:03,"2",-64.0329895,22.86599922
"160424_2013_132346",2013-10-28 10:04:21,"1",-64.03201294,22.86499977
"160424_2013_132346",2013-10-28 22:28:51,"0",-64.07400513,22.61700058
"160424_2013_132346",2013-10-29 00:44:11,"2",-64.04400635,22.56900024
"160424_2013_132346",2013-10-29 01:02:55,"1",-64.05899048,22.55999947
"160424_2013_132346",2013-10-29 14:23:12,"B",-64.03201294,22.29500008
"160424_2013_132346",2013-10-30 08:57:28,"0",-64.10800171,21.92900085
"160424_2013_132346",2013-10-30 10:38:43,"2",-64.10998535,21.8920002
"160424_2013_132346",2013-10-30 10:41:19,"1",-64.10501099,21.89100075
"160424_2013_132346",2013-10-31 05:03:29,"1",-64.26501465,21.52300072
"160424_2013_132346",2013-10-31 07:14:55,"2",-64.25201416,21.46899986
"160424_2013_132346",2013-10-31 10:05:28,"1",-64.26098633,21.39599991
"160424_2013_132346",2013-10-31 10:14:11,"1",-64.25900269,21.38899994
"160424_2013_132346",2013-11-01 02:30:18,"2",-64.28601074,21.03899956
"160424_2013_132346",2013-11-01 08:14:28,"2",-64.30200195,20.90800095
"160424_2013_132346",2013-11-01 11:14:55,"B",-64.30801392,20.8390007
"160424_2013_132346",2013-11-02 00:37:20,"A",-64.33599854,20.5529995
"160424_2013_132346",2013-11-02 06:19:47,"B",-64.34899902,20.42300034
"160424_2013_132346",2013-11-02 08:33:26,"3",-64.39199829,20.38400078
"160424_2013_132346",2013-11-02 10:42:55,"2",-64.42401123,20.34300041
"160424_2013_132346",2013-11-03 00:59:21,"3",-64.52398682,20.04100037
"160424_2013_132346",2013-11-03 01:17:01,"0",-64.52801514,20.03800011
"160424_2013_132346",2013-11-03 06:12:04,"0",-64.44299316,19.9090004
"160424_2013_132346",2013-11-03 08:22:05,"0",-64.5710144,19.89100075
"160424_2013_132346",2013-11-03 09:01:55,"2",-64.59100342,19.88100052
"160424_2013_132346",2013-11-04 07:41:08,"1",-64.72900391,19.4279995
"160424_2013_132346",2013-11-04 22:13:39,"A",-64.8710022,19.16200066
"160424_2013_132346",2013-11-09 09:54:46,"B",-66.04000854,18.12000084
"160424_2013_132346",2013-11-12 06:17:28,"2",-67.50500488,18.25099945
"160424_2013_132346",2013-11-12 06:44:40,"A",-67.46899414,18.24200058
"160424_2013_132346",2013-11-13 00:52:14,"0",-67.64401245,17.88500023
"160424_2013_132346",2013-11-13 01:40:27,"0",-67.61999512,17.8579998
"160424_2013_132346",2013-11-13 06:03:57,"2",-67.62298584,17.78100014
"160424_2013_132346",2013-11-13 07:43:44,"A",-67.62701416,17.78199959
"160424_2013_132346",2013-11-14 00:49:30,"2",-67.80300903,17.42099953
"160424_2013_132346",2013-11-14 05:52:00,"3",-67.88000488,17.36300087
"160424_2013_132346",2013-11-14 07:58:21,"B",-67.89099121,17.33399963
"160424_2013_132346",2013-11-15 01:03:17,"B",-68.10900879,17.03499985
"160424_2013_132346",2013-11-15 07:24:39,"1",-68.25900269,16.99399948
"160424_2013_132346",2013-11-15 09:07:33,"3",-68.27999878,16.95000076
"160424_2013_132346",2013-11-15 09:29:42,"2",-68.27700806,16.94499969
"160424_2013_132346",2013-11-15 10:42:35,"B",-68.29299927,16.92200089
"160424_2013_132346",2013-11-15 10:50:53,"2",-68.30499268,16.93099976
"160424_2013_132346",2013-11-16 05:29:10,"B",-68.51599121,16.64999962
"160424_2013_132346",2013-11-16 10:26:53,"2",-68.33499146,16.75600052
"160424_2013_132346",2013-11-16 14:56:50,"0",-68.26501465,16.7140007
"160424_2013_132346",2013-11-17 08:21:13,"0",-68.30200195,16.5170002
"160424_2013_132346",2013-11-17 11:15:02,"3",-68.29299927,16.5170002
"160424_2013_132346",2013-11-17 14:22:21,"3",-68.33499146,16.53700066
"160424_2013_132346",2013-11-17 14:30:34,"3",-68.33200073,16.54100037
"160424_2013_132346",2013-11-17 20:21:19,"2",-68.30899048,16.55500031
"160424_2013_132346",2013-11-18 06:50:55,"2",-68.21398926,16.5170002
"160424_2013_132346",2013-11-18 07:15:39,"2",-68.21398926,16.50799942
"160424_2013_132346",2013-11-18 10:41:05,"3",-68.19500732,16.47100067
"160424_2013_132346",2013-11-19 03:09:34,"1",-68.23001099,16.32900047
"160424_2013_132346",2013-11-19 06:41:13,"1",-68.32699585,16.32099915
"160424_2013_132346",2013-11-19 07:06:34,"1",-68.30801392,16.33799934
"160424_2013_132346",2013-11-19 10:53:04,"1",-68.39199829,16.36700058
"160424_2013_132346",2013-11-20 01:47:16,"1",-68.70800781,16.44000053
"160424_2013_132346",2013-11-20 08:33:18,"2",-68.82800293,16.40500069
"160424_2013_132346",2013-11-20 08:47:31,"2",-68.84500122,16.40999985
"160424_2013_132346",2013-11-21 06:23:14,"0",-69.23199463,16.4279995
"160424_2013_132346",2013-11-21 10:03:43,"3",-69.37799072,16.49300003
"160424_2013_132346",2013-11-21 10:46:54,"3",-69.39401245,16.50399971
"160424_2013_132346",2013-11-22 00:54:05,"1",-69.7170105,16.45800018
"160424_2013_132346",2013-11-22 08:10:47,"3",-69.87799072,16.42900085
"160424_2013_132346",2013-11-23 09:14:43,"2",-70.34500122,16.33300018
"160424_2013_132346",2013-11-24 08:48:07,"2",-70.62799072,16.42900085
"160424_2013_132346",2013-11-24 14:27:59,"B",-70.73300171,16.43700027
"160424_2013_132346",2013-11-25 03:24:03,"B",-70.91500854,16.47900009
"160424_2013_132346",2013-11-25 10:25:39,"1",-70.88400269,16.49099922
"160424_2013_132346",2013-11-26 09:37:24,"2",-71.19900513,16.57099915
"160424_2013_132346",2013-11-26 09:55:26,"2",-71.19198608,16.56599998
"160424_2013_132346",2013-11-26 11:21:25,"0",-71.23199463,16.57900047
"160424_2013_132346",2013-11-27 02:45:25,"B",-71.54400635,16.55699921
"160424_2013_132346",2013-11-27 03:09:50,"2",-71.48199463,16.55900002
"160424_2013_132346",2013-11-27 08:55:52,"2",-71.57598877,16.58600044
"160424_2013_132346",2013-11-27 09:13:39,"3",-71.58401489,16.59000015
"160424_2013_132346",2013-11-27 09:21:44,"0",-71.58401489,16.58799934
"160424_2013_132346",2013-11-28 01:35:58,"1",-71.8420105,16.7670002
"160424_2013_132346",2013-11-28 05:02:43,"B",-71.86300659,16.8220005
"160424_2013_132346",2013-11-28 08:24:31,"0",-71.91900635,16.88999939
"160424_2013_132346",2013-11-28 22:55:34,"1",-72.18600464,17.0189991
"160424_2013_132346",2013-11-29 02:41:37,"2",-72.2749939,17.06599998
"160424_2013_132346",2013-11-29 02:54:41,"2",-72.26599121,17.06900024
"160424_2013_132346",2013-11-29 06:32:48,"2",-72.35800171,17.10499954
"160424_2013_132346",2013-11-29 09:57:06,"2",-72.42098999,17.09399986
"160424_2013_132346",2013-11-30 01:40:39,"2",-72.70300293,17.04299927
"160424_2013_132346",2013-11-30 08:00:59,"2",-72.81201172,16.98600006
"160424_2013_132346",2013-11-30 08:22:24,"2",-72.81600952,16.97800064
"160424_2013_132346",2013-12-01 02:57:34,"2",-73.12600708,16.89699936
"160424_2013_132346",2013-12-01 06:10:27,"2",-73.17401123,16.8920002
"160424_2013_132346",2013-12-01 08:18:20,"3",-73.2130127,16.89500046
"160424_2013_132346",2013-12-01 10:40:37,"A",-73.27700806,16.92700005
"160424_2013_132346",2013-12-02 02:13:23,"A",-73.28500366,16.79299927
"160424_2013_132346",2013-12-05 07:08:58,"3",-74.75299072,16.45100021
"160424_2013_132346",2013-12-05 07:30:07,"B",-74.74899292,16.45100021
"160424_2013_132346",2013-12-05 10:13:55,"1",-74.82998657,16.45599937
"160424_2013_132346",2013-12-05 15:44:55,"0",-74.82400513,16.42499924
"160424_2013_132346",2013-12-05 15:45:46,"1",-74.82299805,16.42700005
"160424_2013_132346",2013-12-06 02:09:11,"1",-74.82400513,16.32299995
"160424_2013_132346",2013-12-06 05:18:52,"B",-74.92001343,16.30200005
"160424_2013_132346",2013-12-06 08:39:17,"B",-74.96899414,16.29299927
"160424_2013_132346",2013-12-06 08:54:39,"A",-74.95199585,16.3029995
"160424_2013_132346",2013-12-06 23:25:31,"0",-75.36300659,16.46199989
"160424_2013_132346",2013-12-06 23:40:39,"1",-75.35598755,16.47500038
"160424_2013_132346",2013-12-07 02:35:01,"1",-75.45199585,16.45299911
"160424_2013_132346",2013-12-07 02:44:32,"1",-75.44900513,16.46500015
"160424_2013_132346",2013-12-07 10:53:20,"B",-75.64099121,16.4470005
"160424_2013_132346",2013-12-07 11:54:10,"B",-75.65701294,16.42000008
"160424_2013_132346",2013-12-07 12:27:02,"1",-75.67401123,16.36199951
"160424_2013_132346",2013-12-07 22:57:43,"B",-76.03601074,16.13500023
"160424_2013_132346",2013-12-08 02:11:31,"1",-75.71499634,16.09900093
"160424_2013_132346",2013-12-08 02:32:10,"1",-75.70700073,16.09900093
"160424_2013_132346",2013-12-08 03:05:19,"B",-75.71499634,16.11300087
"160424_2013_132346",2013-12-08 06:33:23,"B",-75.71899414,15.99699974
"160424_2013_132346",2013-12-08 08:34:15,"2",-75.7749939,15.95899963
"160424_2013_132346",2013-12-09 06:22:58,"2",-75.6789856,15.62100029
"160424_2013_132346",2013-12-09 09:20:56,"2",-75.67098999,15.56999969
"160424_2013_132346",2013-12-09 09:46:03,"1",-75.67401123,15.56700039
"160424_2013_132346",2013-12-09 10:09:38,"A",-75.67098999,15.55599976
"160424_2013_132346",2013-12-09 15:21:09,"B",-75.67999268,15.48099995
"160424_2013_132346",2013-12-10 06:16:11,"1",-75.5880127,15.29800034
"160424_2013_132346",2013-12-10 09:58:09,"3",-75.57699585,15.24800014
"160424_2013_132346",2013-12-10 10:39:25,"1",-75.58099365,15.23600006
"160424_2013_132346",2013-12-10 19:34:03,"1",-75.51800537,15.20499992
"160424_2013_132346",2013-12-11 08:00:59,"2",-75.44100952,15.15400028
"160424_2013_132346",2013-12-11 08:37:51,"0",-75.45001221,15.13899994
"160424_2013_132346",2013-12-11 11:59:32,"2",-75.45700073,15.10999966
"160424_2013_132346",2013-12-11 18:58:43,"1",-75.36499023,15.06999969
"160424_2013_132346",2013-12-12 09:28:56,"2",-75.19500732,14.98700047
"160424_2013_132346",2013-12-12 09:48:42,"2",-75.20098877,14.98600006
"160424_2013_132346",2013-12-12 11:28:28,"2",-75.18798828,14.96700001
"160424_2013_132346",2013-12-12 11:29:37,"B",-75.19000244,14.96899986
"160424_2013_132346",2013-12-13 10:58:08,"1",-75,14.73499966
"160424_2013_132346",2013-12-13 11:05:20,"1",-75.01501465,14.73499966
"160424_2013_132346",2013-12-13 20:33:37,"1",-74.94100952,14.6420002
"160424_2013_132346",2013-12-14 13:55:29,"2",-74.92999268,14.56700039
"160424_2013_132346",2013-12-14 14:18:29,"1",-74.93798828,14.56700039
"160424_2013_132346",2013-12-14 21:45:36,"0",-74.93200684,14.47799969
"160424_2013_132346",2013-12-15 07:00:44,"2",-74.91000366,14.42099953
"160424_2013_132346",2013-12-15 09:56:56,"2",-74.92999268,14.37899971
"160424_2013_132346",2013-12-15 10:15:53,"2",-74.92999268,14.38399982
"160424_2013_132346",2013-12-15 11:34:22,"3",-74.94900513,14.36299992
"160424_2013_132346",2013-12-16 00:58:24,"A",-74.92800903,14.2329998
"160424_2013_132346",2013-12-16 01:10:26,"A",-74.9079895,14.20400047
"160424_2013_132346",2013-12-16 09:24:51,"B",-74.93099976,14.12100029
"160424_2013_132346",2013-12-17 00:47:28,"B",-74.89498901,14.04199982
"160424_2013_132346",2013-12-17 02:20:49,"0",-74.86300659,14.01299953
"160424_2013_132346",2013-12-17 02:28:17,"2",-74.85998535,14.01099968
"160424_2013_132346",2013-12-17 06:37:56,"2",-74.8999939,13.97599983
"160424_2013_132346",2013-12-18 02:05:55,"1",-74.81698608,13.76799965
"160424_2013_132346",2013-12-18 02:09:12,"0",-74.80999756,13.77600002
"160424_2013_132346",2013-12-18 03:47:00,"0",-74.80999756,13.73900032
"160424_2013_132346",2013-12-18 06:30:14,"3",-74.83999634,13.73499966
"160424_2013_132346",2013-12-18 08:09:12,"1",-74.84799194,13.71500015
"160424_2013_132346",2013-12-18 08:23:00,"2",-74.85198975,13.71700001
"160424_2013_132346",2013-12-18 09:02:40,"2",-74.875,13.72799969
"160424_2013_132346",2013-12-19 02:38:32,"A",-74.86700439,13.48400021
"160424_2013_132346",2013-12-19 06:16:18,"2",-74.88800049,13.42800045
"160424_2013_132346",2013-12-19 07:55:52,"1",-74.88800049,13.38700008
"160424_2013_132346",2013-12-20 10:38:37,"2",-74.91799927,13.1590004
"160424_2013_132346",2013-12-20 17:17:23,"B",-74.84799194,13.0909996
"160424_2013_132346",2013-12-21 02:42:28,"2",-74.85598755,12.98700047
"160424_2013_132346",2013-12-21 05:55:15,"3",-74.85900879,12.95300007
"160424_2013_132346",2013-12-21 10:09:15,"B",-74.83401489,12.89299965
"160424_2013_132346",2013-12-22 00:13:35,"1",-74.82501221,12.64799976
"160424_2013_132346",2013-12-22 01:40:46,"A",-74.83300781,12.61600018
"160424_2013_132346",2013-12-22 02:22:03,"1",-74.82800293,12.62100029
"160424_2013_132346",2013-12-23 02:01:09,"1",-74.69198608,12.24300003
"160424_2013_132346",2013-12-23 05:34:45,"1",-74.67001343,12.19299984
"160424_2013_132346",2013-12-24 01:48:30,"B",-74.52801514,11.94900036
"160424_2013_132346",2013-12-24 03:19:27,"1",-74.32800293,11.97999954
"160424_2013_132346",2013-12-25 00:49:20,"A",-74.03399658,11.65100002
"160424_2013_132346",2013-12-25 01:22:43,"2",-74.01998901,11.64799976
"160424_2013_132346",2013-12-25 20:37:04,"B",-73.8789978,11.64400005
"160424_2013_132346",2013-12-26 02:12:34,"B",-73.65600586,11.58600044
"160424_2013_132346",2013-12-26 10:50:07,"1",-73.4960022,11.85000038
"160424_2013_132346",2013-12-26 14:26:51,"2",-73.50799561,11.89400005
"160424_2013_132346",2013-12-26 17:51:24,"B",-73.46398926,11.92000008
"160424_2013_132346",2013-12-26 23:21:26,"0",-73.45098877,12.05799961
"160424_2013_132346",2013-12-27 06:32:40,"2",-73.39401245,12.06200027
"160424_2013_132346",2013-12-27 08:14:36,"B",-73.39001465,12.06700039
"160424_2013_132346",2013-12-28 01:49:02,"1",-73.37200928,11.79800034
"160424_2013_132346",2013-12-28 01:57:40,"0",-73.3710022,11.78199959
"160424_2013_132346",2013-12-28 03:30:44,"B",-73.36099243,11.78299999
"160424_2013_132346",2013-12-28 08:00:24,"1",-73.3789978,11.79100037
"160424_2013_132346",2013-12-28 08:11:06,"B",-73.37701416,11.7869997
"160424_2013_132346",2013-12-29 01:38:33,"1",-73.39401245,11.85400009
"160424_2013_132346",2013-12-29 01:40:22,"A",-73.39599609,11.85099983
"160424_2013_132346",2013-12-29 02:30:41,"B",-73.42599487,11.85299969
"160424_2013_132346",2013-12-29 03:20:54,"1",-73.36499023,11.88599968
"160424_2013_132346",2013-12-29 06:06:14,"B",-73.29998779,11.92599964
"160424_2013_132346",2013-12-29 07:49:56,"1",-73.33499146,11.99400043
"160424_2013_132346",2013-12-29 09:14:20,"B",-73.32000732,12.02000046
"160424_2013_132346",2013-12-30 01:25:28,"B",-73.32901001,11.91600037
"160424_2013_132346",2013-12-30 07:45:47,"0",-73.2170105,12.02000046
"160424_2013_132346",2013-12-30 07:57:20,"1",-73.20800781,12.01599979
"160424_2013_132346",2013-12-30 09:34:15,"2",-73.21099854,12.06000042
"160424_2013_132346",2013-12-31 00:57:43,"B",-73.15899658,12.02700043
"160424_2013_132346",2013-12-31 01:17:27,"0",-73.15200806,12.00599957
"160424_2013_132346",2013-12-31 02:40:21,"1",-73.14199829,12.00399971
"160424_2013_132346",2013-12-31 05:49:52,"2",-73.12399292,12.06200027
"160424_2013_132346",2014-01-01 00:02:41,"B",-73.01800537,12.16300011
"160424_2013_132346",2014-01-01 02:10:20,"B",-73.0249939,12.18099976
"160424_2013_132346",2014-01-01 07:30:35,"0",-73.11300659,12.19699955
"160424_2013_132346",2014-01-01 09:09:31,"B",-73.11099243,12.21000004
"160424_2013_132346",2014-01-02 00:50:04,"B",-73.10900879,12.19400024
"160424_2013_132346",2014-01-02 01:54:16,"A",-73.03799438,12.20600033
"160424_2013_132346",2014-01-02 07:08:08,"3",-73.01901245,12.27900028
"160424_2013_132346",2014-01-02 09:03:55,"0",-73.04098511,12.34599972
"160424_2013_132346",2014-01-02 09:32:33,"A",-73.05099487,12.38899994
"160424_2013_132346",2014-01-02 10:31:10,"3",-73.06201172,12.37100029
"160424_2013_132346",2014-01-03 00:38:20,"B",-73.02801514,12.30900002
"160424_2013_132346",2014-01-03 02:22:19,"B",-73.06399536,12.19299984
"160424_2013_132346",2014-01-03 02:29:16,"B",-73.04400635,12.19499969
"160424_2013_132346",2014-01-03 03:15:47,"1",-73.09298706,12.17300034
"160424_2013_132346",2014-01-03 05:13:34,"1",-73.09399414,12.14900017
"160424_2013_132346",2014-01-04 01:16:32,"0",-73.03900146,12.26900005
"160424_2013_132346",2014-01-04 02:55:18,"A",-73.0289917,12.33199978
"160424_2013_132346",2014-01-04 06:43:12,"0",-73.06799316,12.42399979
"160424_2013_132346",2014-01-04 08:49:39,"1",-73.08999634,12.45499992
"160424_2013_132346",2014-01-05 01:51:36,"1",-73.25,12.59700012
"160424_2013_132346",2014-01-05 01:52:30,"B",-73.25,12.59599972
"160424_2013_132346",2014-01-05 13:27:35,"A",-73.19000244,12.62899971
"160424_2013_132346",2014-01-05 19:32:44,"B",-73.22198486,12.6789999
"160424_2013_132346",2014-01-06 02:11:34,"B",-73.16598511,12.57600021
"160424_2013_132346",2014-01-06 03:22:54,"B",-73.0920105,12.59200001
"160424_2013_132346",2014-01-06 06:22:23,"1",-73.05499268,12.62199974
"160424_2013_132346",2014-01-06 09:44:24,"B",-73.04998779,12.62800026
"160424_2013_132346",2014-01-06 11:18:06,"B",-73.01901245,12.63000011
"160424_2013_132346",2014-01-06 11:45:17,"A",-73.0289917,12.64700031
"160424_2013_132346",2014-01-07 01:26:07,"B",-72.8420105,12.70800018
"160424_2013_132346",2014-01-07 06:10:33,"3",-72.88800049,12.82299995
"160424_2013_132346",2014-01-07 09:09:32,"3",-72.91299438,12.87300014
"160424_2013_132346",2014-01-07 09:36:13,"B",-72.89099121,12.88300037
"160424_2013_132346",2014-01-07 11:09:28,"A",-72.91799927,12.91300011
"160424_2013_132346",2014-01-07 14:09:01,"2",-72.90200806,12.95400047
"160424_2013_132346",2014-01-07 14:22:58,"2",-72.9119873,12.96100044
"160424_2013_132346",2014-01-08 01:31:52,"2",-73.04199219,13.09500027
"160424_2013_132346",2014-01-08 02:26:27,"1",-73.06500244,13.06900024
"160424_2013_132346",2014-01-08 02:56:18,"2",-73.07800293,13.05900002
"160424_2013_132346",2014-01-08 05:58:09,"B",-73.1000061,13.06200027
"160424_2013_132346",2014-01-09 01:01:12,"B",-73.04699707,12.82199955
"160424_2013_132346",2014-01-09 02:41:19,"0",-73.14700317,12.65699959
"160424_2013_132346",2014-01-09 02:45:30,"B",-73.14801025,12.65499973
"160424_2013_132346",2014-01-09 05:51:04,"B",-73.21798706,12.58399963
"160424_2013_132346",2014-01-10 00:16:36,"0",-73.22198486,12.33699989
"160424_2013_132346",2014-01-10 00:50:55,"0",-73.23699951,12.31499958
"160424_2013_132346",2014-01-10 00:54:34,"2",-73.23901367,12.3210001
"160424_2013_132346",2014-01-10 02:32:06,"2",-73.23001099,12.29699993
"160424_2013_132346",2014-01-10 02:36:08,"1",-73.22399902,12.29800034
"160424_2013_132346",2014-01-11 02:24:26,"1",-73.0039978,12.03600025
"160424_2013_132346",2014-01-11 03:47:42,"B",-73.01199341,12.01099968
"160424_2013_132346",2014-01-11 07:16:55,"B",-72.95001221,12.05599976
"160424_2013_132346",2014-01-11 08:56:10,"1",-73.0289917,12.22599983
"160424_2013_132346",2014-01-12 02:10:19,"0",-73.07998657,12.22000027
"160424_2013_132346",2014-01-12 02:42:41,"A",-73.08200073,12.24699974
"160424_2013_132346",2014-01-12 06:56:28,"0",-73.09100342,12.32699966
"160424_2013_132346",2014-01-12 08:49:34,"A",-73.12399292,12.3210001
"160424_2013_132346",2014-01-13 01:57:05,"2",-73.10101318,12.1789999
"160424_2013_132346",2014-01-13 02:22:57,"1",-73.09899902,12.17099953
"160424_2013_132346",2014-01-13 09:43:53,"A",-73.10699463,12.23799992
"160424_2013_132346",2014-01-13 10:04:54,"0",-73.11999512,12.29500008
"160424_2013_132346",2014-01-13 10:15:10,"B",-73.11898804,12.29399967
"160424_2013_132346",2014-01-14 01:08:17,"A",-73.29699707,12.25699997
"160424_2013_132346",2014-01-14 02:46:56,"2",-73.29901123,12.27999973
"160424_2013_132346",2014-01-15 00:46:22,"1",-73.47000122,12.07199955
"160424_2013_132346",2014-01-15 02:26:05,"2",-73.44000244,11.96899986
"160424_2013_132346",2014-01-15 03:08:30,"1",-73.45300293,11.94299984
"160424_2013_132346",2014-01-16 02:07:39,"2",-73.59500122,11.85599995
"160424_2013_132346",2014-01-16 03:03:14,"A",-73.59100342,11.84500027
"160424_2013_132346",2014-01-16 03:45:56,"B",-73.69799805,11.75899982
"160424_2013_132346",2014-01-16 06:23:03,"B",-73.80300903,11.66100025
"160424_2013_132346",2014-01-16 07:52:15,"A",-73.71398926,11.91100025
"160424_2013_132346",2014-01-17 01:45:34,"0",-73.54998779,11.78100014
"160424_2013_132346",2014-01-17 02:39:12,"B",-73.56100464,11.76799965
"160424_2013_132346",2014-01-17 02:43:05,"B",-73.55700684,11.76399994
"160424_2013_132346",2014-01-17 03:26:49,"A",-73.5539856,11.77600002
"160424_2013_132346",2014-01-17 06:04:38,"A",-73.56600952,11.77299976
"160424_2013_132346",2014-01-18 00:56:32,"1",-73.60501099,11.76099968
"160424_2013_132346",2014-01-18 01:25:25,"1",-73.61999512,11.77900028
"160424_2013_132346",2014-01-18 02:18:09,"0",-73.61499023,11.75399971
"160424_2013_132346",2014-01-18 02:33:02,"0",-73.63101196,11.74300003
"160424_2013_132346",2014-01-18 03:06:32,"2",-73.60400391,11.73900032
"160424_2013_132346",2014-01-18 05:50:20,"B",-73.56698608,11.71899986
"160424_2013_132346",2014-01-19 00:32:52,"0",-73.77200317,11.77099991
"160424_2013_132346",2014-01-19 01:04:51,"A",-73.76800537,11.7670002
"160424_2013_132346",2014-01-19 02:01:01,"B",-73.76400757,11.76399994
"160424_2013_132346",2014-01-19 02:21:52,"2",-73.81399536,11.75800037
"160424_2013_132346",2014-01-19 02:47:49,"2",-73.82299805,11.75500011
"160424_2013_132346",2014-01-19 03:36:04,"B",-73.81698608,11.7489996
"160424_2013_132346",2014-01-20 00:43:26,"A",-73.96798706,11.78800011
"160424_2013_132346",2014-01-20 01:41:15,"B",-73.96798706,11.78299999
"160424_2013_132346",2014-01-20 03:16:57,"A",-73.93600464,11.71500015
"160424_2013_132346",2014-01-20 03:53:44,"B",-73.93200684,11.70499992
"160424_2013_132346",2014-01-21 03:38:53,"B",-74.16699219,11.86600018
"160424_2013_132346",2014-01-22 00:38:32,"1",-74.3420105,11.7130003
"160424_2013_132346",2014-01-22 02:36:33,"1",-74.35998535,11.68900013
"160424_2013_132346",2014-01-22 03:22:21,"1",-74.35598755,11.67700005
"160424_2013_132346",2014-01-22 05:11:45,"B",-74.36099243,11.625
"160424_2013_132346",2014-01-23 01:23:10,"B",-74.41400146,11.59599972
"160424_2013_132346",2014-01-23 01:36:50,"2",-74.46398926,11.59899998
"160424_2013_132346",2014-01-23 02:14:19,"B",-74.46398926,11.59399986
"160424_2013_132346",2014-01-23 03:16:31,"A",-74.45001221,11.59799957
"160424_2013_132346",2014-01-23 06:38:03,"2",-74.44198608,11.62300014
"160424_2013_132346",2014-01-24 01:01:52,"B",-74.43701172,11.58600044
"160424_2013_132346",2014-01-24 01:25:02,"1",-74.47000122,11.59399986
"160424_2013_132346",2014-01-24 01:55:53,"0",-74.47399902,11.58300018
"160424_2013_132346",2014-01-24 02:39:56,"3",-74.46600342,11.56700039
"160424_2013_132346",2014-01-25 02:46:48,"A",-74.34399414,11.52200031
"160424_2013_132346",2014-01-25 04:00:10,"B",-74.36499023,11.48600006
"160424_2013_132346",2014-01-25 07:58:19,"2",-74.77801514,11.53100014
"160424_2013_132346",2014-01-25 08:02:39,"3",-74.77200317,11.5369997
"160424_2013_132346",2014-01-26 06:05:29,"3",-75.07699585,11.55700016
"160424_2013_132346",2014-01-27 00:48:21,"B",-75.45001221,11.56599998
"160424_2013_132346",2014-01-27 03:16:09,"2",-75.31201172,11.45400047
"160424_2013_132346",2014-01-28 00:49:18,"B",-75.54998779,11.46700001
"160424_2013_132346",2014-01-28 07:24:22,"2",-75.57800293,11.49499989
"160424_2013_132346",2014-01-28 07:30:56,"1",-75.57998657,11.49400043
"160424_2013_132346",2014-01-29 00:56:40,"B",-75.68399048,11.48700047
"160424_2013_132346",2014-01-29 08:35:44,"A",-75.66299438,11.47599983
"160424_2013_132346",2014-01-29 08:59:01,"0",-75.6499939,11.44900036
"160424_2013_132346",2014-01-29 23:51:27,"1",-75.73098755,11.55599976
"160424_2013_132346",2014-01-30 09:47:32,"1",-75.82400513,11.55099964
"160424_2013_132346",2014-01-31 15:53:24,"B",-76.08300781,11.39000034
"160424_2013_132346",2014-01-31 22:13:32,"B",-76.0039978,11.32699966
"160424_2013_132346",2014-02-01 00:28:23,"0",-76.08200073,11.29100037
"160424_2013_132346",2014-02-01 03:12:44,"2",-76.05999756,11.29599953
"160424_2013_132346",2014-02-01 09:02:01,"A",-76.0539856,11.36299992
"160424_2013_132346",2014-02-01 10:41:37,"3",-76.1000061,11.38899994
"160424_2013_132346",2014-02-02 01:14:26,"1",-76.20599365,11.17000008
"160424_2013_132346",2014-02-02 01:14:49,"2",-76.20599365,11.16899967
"160424_2013_132346",2014-02-02 06:30:04,"0",-76.27700806,11.09399986
"160424_2013_132346",2014-02-02 10:51:02,"1",-76.23001099,11.04500008
"160424_2013_132346",2014-02-03 07:59:59,"2",-76.45999146,10.90200043
"160424_2013_132346",2014-02-03 08:07:15,"A",-76.45401001,10.90799999
"160424_2013_132346",2014-02-03 10:19:55,"2",-76.49499512,10.91499996
"160424_2013_132346",2014-02-03 14:25:40,"A",-76.45700073,10.91600037
"160424_2013_132346",2014-02-04 13:05:40,"B",-76.59399414,10.99199963
"160424_2013_132346",2014-02-05 03:29:45,"2",-76.89199829,10.98900032
"160424_2013_132346",2014-02-05 09:05:08,"1",-76.84100342,10.96800041
"160424_2013_132346",2014-02-05 10:42:40,"2",-76.83700562,11.02700043
"160424_2013_132346",2014-02-06 02:24:56,"A",-77.04998779,11.00699997
"160424_2013_132346",2014-02-06 09:08:10,"1",-76.99499512,10.96399975
"160424_2013_132346",2014-02-08 00:08:53,"1",-77.29800415,10.82800007
"160424_2013_132346",2014-02-08 00:51:28,"B",-77.30300903,10.82999992
"160424_2013_132346",2014-02-08 02:27:55,"1",-77.30700684,10.81400013
"160424_2013_132346",2014-02-08 03:15:22,"1",-77.29699707,10.80300045
"160424_2013_132346",2014-02-09 03:50:50,"2",-77.45800781,10.67199993
"160424_2013_132346",2014-02-09 08:40:49,"2",-77.49398804,10.69900036
"160424_2013_132346",2014-02-09 09:03:31,"2",-77.48999023,10.68999958
"160424_2013_132346",2014-02-10 01:46:45,"2",-77.61099243,10.66899967
"160424_2013_132346",2014-02-10 03:26:32,"2",-77.59899902,10.66600037
"160424_2013_132346",2014-02-10 10:19:10,"2",-77.60598755,10.65200043
"160424_2013_132346",2014-02-11 11:07:14,"0",-77.66699219,10.49600029
"160424_2013_132346",2014-02-13 03:17:22,"A",-77.89300537,10.23400021
"160424_2013_132346",2014-02-14 03:42:51,"B",-78.18600464,10.10499954
"160424_2013_132346",2014-02-14 14:37:23,"A",-78.21899414,10.0369997
"160424_2013_132346",2014-02-15 09:11:05,"0",-78.40899658,9.93200016
"160424_2013_132346",2014-02-17 00:21:35,"2",-78.45901489,9.98600006
"160424_2013_132346",2014-02-19 00:59:59,"A",-78.66598511,10.11900043
"160424_2013_132346",2014-02-21 13:53:55,"B",-78.75601196,10.25599957
"160424_2013_132346",2014-02-26 21:29:33,"1",-77.99301147,10.21000004
"160424_2013_132346",2014-02-28 02:18:04,"1",-77.61898804,9.97700024
"160424_2013_132346",2014-03-01 02:51:39,"B",-77.67700195,10.25199986
"160424_2013_132346",2014-03-01 09:16:30,"A",-77.66799927,10.32400036
"160424_2013_132346",2014-03-01 21:57:29,"1",-77.80801392,10.42700005
"160424_2013_132346",2014-03-02 00:17:40,"2",-77.80801392,10.45300007
"160424_2013_132346",2014-03-04 07:44:54,"3",-78.15701294,10.97200012
"160424_2013_132346",2014-03-05 03:50:37,"1",-78.4289856,11.01599979
"160424_2013_132346",2014-03-06 07:28:44,"1",-78.73800659,11.03899956
"160424_2013_132346",2014-03-10 21:43:27,"3",-79.71499634,10.98999977
