Prog,PTT,Len,Satellite,Class,Pass,PassDate,PassTime,Latitude,Longitude,Comment,Frequency,Power,IQ,Dups,MsgDate,MsgTime,Latitude2,Longitude2,Duration,Error radius,Error Semi-major axis,Error Semi-minor axis,Error Ellipse orientation,Offset,Offset orientation,SENSOR #01,SENSOR #02,SENSOR #03,SENSOR #04,SENSOR #05,SENSOR #06,SENSOR #07,SENSOR #08,SENSOR #09,SENSOR #10,SENSOR #11,SENSOR #12,SENSOR #13,SENSOR #14,SENSOR #15,SENSOR #16,SENSOR #17,SENSOR #18,SENSOR #19,SENSOR #20,SENSOR #21,SENSOR #22,SENSOR #23,SENSOR #24,SENSOR #25,SENSOR #26,SENSOR #27,SENSOR #28,SENSOR #29,SENSOR #30,SENSOR #31,SENSOR #32
5171,165928,3,A,B,1,26-Oct-2016,00:58:06,41.5130,-67.0450,,401677351,-131,8,0,26-Oct-2016,00:58:06,,,,,,,,,,10,0,16,,,,,,,,,,,,,,,,,,,,,,,,,,,,,
5171,165928,23,B,B,2,26-Oct-2016,01:46:10,41.5100,-67.0410,,401677349,-134,8,0,26-Oct-2016,01:46:11,,,,,,,,,,88,176,90,12,42,2,130,165,61,7,234,15,96,152,134,62,115,14,113,218,33,99,194,,,,,,,,,
5171,165928,3,N,B,3,26-Oct-2016,10:29:01,41.4310,-66.8810,,401677381,-129,8,0,26-Oct-2016,10:29:02,,,130,,,,,,,10,0,16,,,,,,,,,,,,,,,,,,,,,,,,,,,,,
5171,165928,3,N,B,3,26-Oct-2016,10:29:01,41.4310,-66.8810,,401677381,-129,8,0,26-Oct-2016,10:31:12,,,130,,,,,,,26,17,19,,,,,,,,,,,,,,,,,,,,,,,,,,,,,
5171,165928,3,N,A,4,26-Oct-2016,21:54:05,41.4070,-67.6850,,401677344,-127,8,0,26-Oct-2016,21:54:06,,,220,,,,,,,46,151,6,,,,,,,,,,,,,,,,,,,,,,,,,,,,,
5171,165928,3,N,A,4,26-Oct-2016,21:54:05,41.4070,-67.6850,,401677344,-127,8,0,26-Oct-2016,21:56:15,,,220,,,,,,,10,0,16,,,,,,,,,,,,,,,,,,,,,,,,,,,,,
5171,165928,3,N,A,4,26-Oct-2016,21:54:05,41.4070,-67.6850,,401677344,-127,8,0,26-Oct-2016,21:57:46,,,220,,,,,,,26,17,19,,,,,,,,,,,,,,,,,,,,,,,,,,,,,
5171,165928,23,K,B,5,26-Oct-2016,22:50:04,41.4000,-67.6920,,401677351,-133,8,0,26-Oct-2016,22:50:05,,,,,,,,,,73,80,90,12,40,2,130,165,61,91,32,150,84,13,113,16,1,255,30,197,112,0,0,,,,,,,,,
5171,165928,23,R,2,6,26-Oct-2016,23:07:13,41.4230,-67.7220,,401677346,-125,56,0,26-Oct-2016,23:05:29,,,259,,,,,,,90,240,90,12,40,2,130,165,61,92,86,177,142,255,125,138,107,111,163,210,123,242,176,,,,,,,,,
5171,165928,3,R,2,6,26-Oct-2016,23:07:13,41.4230,-67.7220,,401677346,-125,56,0,26-Oct-2016,23:07:10,,,259,,,,,,,38,191,6,,,,,,,,,,,,,,,,,,,,,,,,,,,,,
5171,165928,3,R,2,6,26-Oct-2016,23:07:13,41.4230,-67.7220,,401677346,-125,56,1,26-Oct-2016,23:09:04,,,259,,,,,,,10,0,16,,,,,,,,,,,,,,,,,,,,,,,,,,,,,
5171,165928,23,R,2,6,26-Oct-2016,23:07:13,41.4230,-67.7220,,401677346,-125,56,0,26-Oct-2016,23:09:48,,,259,,,,,,,85,208,90,12,40,2,130,165,61,92,155,151,86,13,133,24,1,255,30,197,112,0,0,,,,,,,,,
5171,165928,3,A,2,7,27-Oct-2016,00:35:56,41.4240,-67.7290,,401677351,-122,58,0,27-Oct-2016,00:35:02,,,187,,,,,,,44,226,6,,,,,,,,,,,,,,,,,,,,,,,,,,,,,
5171,165928,3,A,2,7,27-Oct-2016,00:35:56,41.4240,-67.7290,,401677351,-122,58,0,27-Oct-2016,00:35:45,,,187,,,,,,,77,89,4,,,,,,,,,,,,,,,,,,,,,,,,,,,,,
5171,165928,3,A,2,7,27-Oct-2016,00:35:56,41.4240,-67.7290,,401677351,-122,58,0,27-Oct-2016,00:36:40,,,187,,,,,,,10,0,16,,,,,,,,,,,,,,,,,,,,,,,,,,,,,
5171,165928,3,A,2,7,27-Oct-2016,00:35:56,41.4240,-67.7290,,401677351,-122,58,1,27-Oct-2016,00:38:09,,,187,,,,,,,26,17,19,,,,,,,,,,,,,,,,,,,,,,,,,,,,,
5171,165928,3,R,B,8,27-Oct-2016,00:46:52,41.4240,-67.7290,,401677351,-138,6,0,27-Oct-2016,00:46:52,,,,,,,,,,72,88,5,,,,,,,,,,,,,,,,,,,,,,,,,,,,,
5171,165928,23,A,2,9,27-Oct-2016,02:07:51,41.3760,-67.7290,,401677349,-122,58,0,27-Oct-2016,02:07:52,,,481,,,,,,,74,144,90,12,40,2,130,165,61,136,124,91,212,14,77,20,1,255,30,197,208,0,0,,,,,,,,,
5171,165928,3,A,2,9,27-Oct-2016,02:07:51,41.3760,-67.7290,,401677349,-122,58,0,27-Oct-2016,02:09:32,,,481,,,,,,,40,41,37,,,,,,,,,,,,,,,,,,,,,,,,,,,,,
5171,165928,3,A,2,9,27-Oct-2016,02:07:51,41.3760,-67.7290,,401677349,-122,58,0,27-Oct-2016,02:10:20,,,481,,,,,,,73,93,4,,,,,,,,,,,,,,,,,,,,,,,,,,,,,
5171,165928,3,A,2,9,27-Oct-2016,02:07:51,41.3760,-67.7290,,401677349,-122,58,0,27-Oct-2016,02:11:13,,,481,,,,,,,10,0,16,,,,,,,,,,,,,,,,,,,,,,,,,,,,,
5171,165928,23,A,2,9,27-Oct-2016,02:07:51,41.3760,-67.7290,,401677349,-122,58,0,27-Oct-2016,02:11:58,,,481,,,,,,,77,80,90,12,40,2,130,165,61,136,190,26,82,14,87,18,1,149,30,197,208,0,0,,,,,,,,,
5171,165928,3,A,2,9,27-Oct-2016,02:07:51,41.3760,-67.7290,,401677349,-122,58,0,27-Oct-2016,02:13:36,,,481,,,,,,,41,45,7,,,,,,,,,,,,,,,,,,,,,,,,,,,,,
5171,165928,23,A,2,9,27-Oct-2016,02:07:51,41.3760,-67.7290,,401677349,-122,58,0,27-Oct-2016,02:15:53,,,481,,,,,,,84,144,90,12,40,2,130,165,61,136,252,219,37,132,178,135,66,136,24,110,107,61,130,,,,,,,,,
5171,165928,3,N,B,10,27-Oct-2016,21:47:26,41.1410,-67.8930,,401677360,-135,,0,27-Oct-2016,21:47:27,,,,,,,,,,43,120,7,,,,,,,,,,,,,,,,,,,,,,,,,,,,,
5171,165928,3,K,1,11,27-Oct-2016,22:25:18,41.2690,-67.8240,,401677349,-125,48,0,27-Oct-2016,22:24:27,,,430,,,,,,,10,0,16,,,,,,,,,,,,,,,,,,,,,,,,,,,,,
5171,165928,3,K,1,11,27-Oct-2016,22:25:18,41.2690,-67.8240,,401677349,-125,48,0,27-Oct-2016,22:26:10,,,430,,,,,,,26,17,19,,,,,,,,,,,,,,,,,,,,,,,,,,,,,
5171,165928,3,K,1,11,27-Oct-2016,22:25:18,41.2690,-67.8240,,401677349,-125,48,0,27-Oct-2016,22:30:53,,,430,,,,,,,44,130,7,,,,,,,,,,,,,,,,,,,,,,,,,,,,,
5171,165928,3,K,1,11,27-Oct-2016,22:25:18,41.2690,-67.8240,,401677349,-125,48,0,27-Oct-2016,22:31:37,,,430,,,,,,,69,97,4,,,,,,,,,,,,,,,,,,,,,,,,,,,,,
5171,165928,3,R,A,12,27-Oct-2016,22:37:13,41.2770,-67.8460,,401677350,-129,6,0,27-Oct-2016,22:31:37,,,393,,,,,,,69,97,4,,,,,,,,,,,,,,,,,,,,,,,,,,,,,
5171,165928,3,R,A,12,27-Oct-2016,22:37:13,41.2770,-67.8460,,401677350,-129,6,0,27-Oct-2016,22:36:18,,,393,,,,,,,45,135,7,,,,,,,,,,,,,,,,,,,,,,,,,,,,,
5171,165928,3,R,A,12,27-Oct-2016,22:37:13,41.2770,-67.8460,,401677350,-129,6,0,27-Oct-2016,22:38:10,,,393,,,,,,,10,0,16,,,,,,,,,,,,,,,,,,,,,,,,,,,,,
5171,165928,3,N,3,13,27-Oct-2016,23:22:54,41.3070,-67.8830,,401677348,-131,58,0,27-Oct-2016,23:22:02,,,498,,,,,,,18,33,82,,,,,,,,,,,,,,,,,,,,,,,,,,,,,
5171,165928,3,N,3,13,27-Oct-2016,23:22:54,41.3070,-67.8830,,401677348,-131,58,0,27-Oct-2016,23:23:46,,,498,,,,,,,64,96,4,,,,,,,,,,,,,,,,,,,,,,,,,,,,,
5171,165928,23,N,3,13,27-Oct-2016,23:22:54,41.3070,-67.8830,,401677348,-131,58,0,27-Oct-2016,23:25:37,,,498,,,,,,,79,176,90,12,40,2,130,165,61,221,152,152,212,12,81,80,1,114,30,198,64,0,0,,,,,,,,,
5171,165928,3,N,3,13,27-Oct-2016,23:22:54,41.3070,-67.8830,,401677348,-131,58,0,27-Oct-2016,23:28:51,,,498,,,,,,,10,0,16,,,,,,,,,,,,,,,,,,,,,,,,,,,,,
5171,165928,3,N,3,13,27-Oct-2016,23:22:54,41.3070,-67.8830,,401677348,-131,58,0,27-Oct-2016,23:30:20,,,498,,,,,,,26,81,19,,,,,,,,,,,,,,,,,,,,,,,,,,,,,
5171,165928,3,A,B,14,28-Oct-2016,01:47:49,41.3690,-67.8690,,401677355,-125,8,0,28-Oct-2016,01:47:50,,,90,,,,,,,70,94,4,,,,,,,,,,,,,,,,,,,,,,,,,,,,,
5171,165928,23,A,B,14,28-Oct-2016,01:47:49,41.3690,-67.8690,,401677355,-125,8,0,28-Oct-2016,01:49:20,,,90,,,,,,,95,16,90,12,40,2,130,165,62,7,20,89,150,15,201,14,1,121,30,197,224,0,0,,,,,,,,,
5171,165928,3,B,B,15,28-Oct-2016,02:43:36,41.3350,-67.9190,,401677356,-135,8,0,28-Oct-2016,02:43:12,,,48,,,,,,,10,0,16,,,,,,,,,,,,,,,,,,,,,,,,,,,,,
5171,165928,23,B,B,15,28-Oct-2016,02:43:36,41.3350,-67.9190,,401677356,-135,8,0,28-Oct-2016,02:44:00,,,48,,,,,,,86,80,90,12,40,2,130,229,62,10,190,156,212,16,35,20,1,219,30,197,208,0,0,,,,,,,,,
5171,165928,3,A,B,16,28-Oct-2016,03:33:16,41.3330,-67.9930,,401677344,-133,8,0,28-Oct-2016,03:32:55,,,44,,,,,,,73,93,4,,,,,,,,,,,,,,,,,,,,,,,,,,,,,
5171,165928,3,A,B,16,28-Oct-2016,03:33:16,41.3330,-67.9930,,401677344,-133,8,0,28-Oct-2016,03:33:39,,,44,,,,,,,11,0,16,,,,,,,,,,,,,,,,,,,,,,,,,,,,,
5171,165928,3,N,1,17,28-Oct-2016,21:32:04,41.5210,-68.4290,,401677346,-130,40,0,28-Oct-2016,21:31:20,,,536,,,,,,,43,109,8,,,,,,,,,,,,,,,,,,,,,,,,,,,,,
5171,165928,3,N,1,17,28-Oct-2016,21:32:04,41.5210,-68.4290,,401677346,-130,40,0,28-Oct-2016,21:32:49,,,536,,,,,,,10,0,16,,,,,,,,,,,,,,,,,,,,,,,,,,,,,
5171,165928,3,N,1,17,28-Oct-2016,21:32:04,41.5210,-68.4290,,401677346,-130,40,0,28-Oct-2016,21:36:21,,,536,,,,,,,74,66,4,,,,,,,,,,,,,,,,,,,,,,,,,,,,,
5171,165928,23,N,1,17,28-Oct-2016,21:32:04,41.5210,-68.4290,,401677346,-130,40,0,28-Oct-2016,21:37:56,,,536,,,,,,,71,240,90,12,40,2,128,135,153,153,136,104,219,17,69,71,197,240,200,144,8,197,172,,,,,,,,,
5171,165928,3,N,1,17,28-Oct-2016,21:32:04,41.5210,-68.4290,,401677346,-130,40,1,28-Oct-2016,21:38:42,,,536,,,,,,,26,17,19,,,,,,,,,,,,,,,,,,,,,,,,,,,,,
5171,165928,3,N,1,17,28-Oct-2016,21:32:04,41.5210,-68.4290,,401677346,-130,40,0,28-Oct-2016,21:39:26,,,536,,,,,,,41,119,8,,,,,,,,,,,,,,,,,,,,,,,,,,,,,
5171,165928,3,N,1,17,28-Oct-2016,21:32:04,41.5210,-68.4290,,401677346,-130,40,0,28-Oct-2016,21:40:16,,,536,,,,,,,79,67,4,,,,,,,,,,,,,,,,,,,,,,,,,,,,,
5171,165928,3,R,A,18,28-Oct-2016,23:46:43,41.5910,-68.4420,,401677337,-123,8,0,28-Oct-2016,23:44:43,,,269,,,,,,,75,71,4,,,,,,,,,,,,,,,,,,,,,,,,,,,,,
5171,165928,23,R,A,18,28-Oct-2016,23:46:43,41.5910,-68.4420,,401677337,-123,8,0,28-Oct-2016,23:46:15,,,269,,,,,,,74,176,90,12,40,2,128,197,140,0,25,20,112,26,60,99,40,206,99,119,25,141,211,,,,,,,,,
5171,165928,3,R,A,18,28-Oct-2016,23:46:43,41.5910,-68.4420,,401677337,-123,8,0,28-Oct-2016,23:49:12,,,269,,,,,,,10,0,16,,,,,,,,,,,,,,,,,,,,,,,,,,,,,
5171,165928,3,K,B,19,28-Oct-2016,23:48:28,41.5940,-68.4440,,401677348,-133,6,0,28-Oct-2016,23:47:44,,,88,,,,,,,33,174,8,,,,,,,,,,,,,,,,,,,,,,,,,,,,,
5171,165928,3,K,B,19,28-Oct-2016,23:48:28,41.5940,-68.4440,,401677348,-133,6,0,28-Oct-2016,23:49:12,,,88,,,,,,,10,0,16,,,,,,,,,,,,,,,,,,,,,,,,,,,,,
5171,165928,23,A,1,20,28-Oct-2016,23:49:57,41.5930,-68.4380,,401677350,-132,56,0,28-Oct-2016,23:49:56,,,196,,,,,,,103,80,90,13,41,180,239,118,139,62,192,28,247,127,155,129,252,79,73,14,53,174,19,,,,,,,,,
5171,165928,3,A,1,20,28-Oct-2016,23:49:57,41.5930,-68.4380,,401677350,-132,56,0,28-Oct-2016,23:50:43,,,196,,,,,,,26,17,19,,,,,,,,,,,,,,,,,,,,,,,,,,,,,
5171,165928,3,A,1,20,28-Oct-2016,23:49:57,41.5930,-68.4380,,401677350,-132,56,1,28-Oct-2016,23:53:12,,,196,,,,,,,10,0,16,,,,,,,,,,,,,,,,,,,,,,,,,,,,,
5171,165928,23,P,B,21,29-Oct-2016,05:51:09,41.6240,-68.5640,,401677401,-139,8,0,29-Oct-2016,05:51:09,,,,,,,,,,81,56,90,12,40,2,130,165,62,151,49,218,72,49,185,129,142,124,139,179,175,175,240,,,,,,,,,
5171,165928,23,P,1,22,29-Oct-2016,07:30:40,41.4650,-68.2380,,401677345,-126,58,0,29-Oct-2016,07:29:55,,,292,,,,,,,86,176,90,12,40,2,130,165,62,53,178,23,82,191,41,236,145,128,239,24,54,104,126,,,,,,,,,
5171,165928,3,P,1,22,29-Oct-2016,07:30:40,41.4650,-68.2380,,401677345,-126,58,0,29-Oct-2016,07:31:27,,,292,,,,,,,32,58,9,,,,,,,,,,,,,,,,,,,,,,,,,,,,,
5171,165928,3,P,1,22,29-Oct-2016,07:30:40,41.4650,-68.2380,,401677345,-126,58,0,29-Oct-2016,07:33:09,,,292,,,,,,,10,0,16,,,,,,,,,,,,,,,,,,,,,,,,,,,,,
5171,165928,23,P,1,22,29-Oct-2016,07:30:40,41.4650,-68.2380,,401677345,-126,58,0,29-Oct-2016,07:33:59,,,292,,,,,,,81,176,90,12,40,2,130,165,62,158,30,28,148,18,123,18,1,255,21,196,240,0,0,,,,,,,,,
5171,165928,3,P,1,22,29-Oct-2016,07:30:40,41.4650,-68.2380,,401677345,-126,58,0,29-Oct-2016,07:34:47,,,292,,,,,,,26,17,19,,,,,,,,,,,,,,,,,,,,,,,,,,,,,
5171,165928,3,K,B,23,29-Oct-2016,21:42:32,41.3060,-67.8760,,401677365,-127,,0,29-Oct-2016,21:42:09,,,46,,,,,,,45,108,9,,,,,,,,,,,,,,,,,,,,,,,,,,,,,
5171,165928,3,K,B,23,29-Oct-2016,21:42:32,41.3060,-67.8760,,401677365,-127,,0,29-Oct-2016,21:42:55,,,46,,,,,,,65,85,4,,,,,,,,,,,,,,,,,,,,,,,,,,,,,
5171,165928,3,N,1,24,29-Oct-2016,22:57:11,41.2520,-68.0030,,401677350,-128,48,0,29-Oct-2016,22:57:12,,,602,,,,,,,36,128,9,,,,,,,,,,,,,,,,,,,,,,,,,,,,,
5171,165928,3,N,1,24,29-Oct-2016,22:57:11,41.2520,-68.0030,,401677350,-128,48,0,29-Oct-2016,23:04:57,,,602,,,,,,,26,17,19,,,,,,,,,,,,,,,,,,,,,,,,,,,,,
5171,165928,3,N,1,24,29-Oct-2016,22:57:11,41.2520,-68.0030,,401677350,-128,48,0,29-Oct-2016,23:05:41,,,602,,,,,,,37,133,9,,,,,,,,,,,,,,,,,,,,,,,,,,,,,
5171,165928,3,N,1,24,29-Oct-2016,22:57:11,41.2520,-68.0030,,401677350,-128,48,0,29-Oct-2016,23:07:14,,,602,,,,,,,78,86,4,,,,,,,,,,,,,,,,,,,,,,,,,,,,,
5171,165928,23,R,B,25,29-Oct-2016,23:15:01,41.2480,-68.0060,,401677341,-129,6,0,29-Oct-2016,23:14:39,,,45,,,,,,,69,176,90,12,40,2,130,165,62,232,133,254,100,246,32,20,226,147,177,25,142,175,255,,,,,,,,,
5171,165928,3,R,B,25,29-Oct-2016,23:15:01,41.2480,-68.0060,,401677341,-129,6,0,29-Oct-2016,23:15:24,,,45,,,,,,,26,17,19,,,,,,,,,,,,,,,,,,,,,,,,,,,,,
5171,165928,3,A,A,26,30-Oct-2016,01:07:52,41.2820,-67.9950,,401677349,-119,8,0,30-Oct-2016,01:07:53,,,372,,,,,,,66,90,4,,,,,,,,,,,,,,,,,,,,,,,,,,,,,
5171,165928,3,A,A,26,30-Oct-2016,01:07:52,41.2820,-67.9950,,401677349,-119,8,0,30-Oct-2016,01:13:21,,,372,,,,,,,26,17,19,,,,,,,,,,,,,,,,,,,,,,,,,,,,,
5171,165928,3,A,A,26,30-Oct-2016,01:07:52,41.2820,-67.9950,,401677349,-119,8,0,30-Oct-2016,01:14:05,,,372,,,,,,,46,178,9,,,,,,,,,,,,,,,,,,,,,,,,,,,,,
5171,165928,3,A,B,27,30-Oct-2016,02:54:14,41.2550,-67.9900,,401677370,-133,7,0,30-Oct-2016,02:53:50,,,49,,,,,,,73,221,4,,,,,,,,,,,,,,,,,,,,,,,,,,,,,
5171,165928,3,A,B,27,30-Oct-2016,02:54:14,41.2550,-67.9900,,401677370,-133,7,0,30-Oct-2016,02:54:39,,,49,,,,,,,10,0,16,,,,,,,,,,,,,,,,,,,,,,,,,,,,,
5171,165928,3,K,B,28,30-Oct-2016,09:56:32,41.1840,-68.0000,,401677364,-135,8,0,30-Oct-2016,09:56:32,,,,,,,,,,73,93,4,,,,,,,,,,,,,,,,,,,,,,,,,,,,,
5171,165928,3,R,B,29,30-Oct-2016,10:36:26,41.1870,-68.0070,,401677363,-133,8,0,30-Oct-2016,10:36:05,,,44,,,,,,,42,57,10,,,,,,,,,,,,,,,,,,,,,,,,,,,,,
5171,165928,3,R,B,29,30-Oct-2016,10:36:26,41.1870,-68.0070,,401677363,-133,8,0,30-Oct-2016,10:36:49,,,44,,,,,,,73,93,4,,,,,,,,,,,,,,,,,,,,,,,,,,,,,
5171,165928,3,N,1,30,30-Oct-2016,21:10:54,40.8510,-67.6500,,401677348,-131,58,0,30-Oct-2016,21:07:46,,,334,,,,,,,65,201,192,,,,,,,,,,,,,,,,,,,,,,,,,,,,,
5171,165928,3,N,1,30,30-Oct-2016,21:10:54,40.8510,-67.6500,,401677348,-131,58,0,30-Oct-2016,21:10:06,,,334,,,,,,,26,17,19,,,,,,,,,,,,,,,,,,,,,,,,,,,,,
5171,165928,3,N,1,30,30-Oct-2016,21:10:54,40.8510,-67.6500,,401677348,-131,58,0,30-Oct-2016,21:10:51,,,334,,,,,,,38,122,10,,,,,,,,,,,,,,,,,,,,,,,,,,,,,
5171,165928,3,N,1,30,30-Oct-2016,21:10:54,40.8510,-67.6500,,401677348,-131,58,0,30-Oct-2016,21:12:29,,,334,,,,,,,10,0,16,,,,,,,,,,,,,,,,,,,,,,,,,,,,,
5171,165928,23,N,1,30,30-Oct-2016,21:10:54,40.8510,-67.6500,,401677348,-131,58,0,30-Oct-2016,21:13:20,,,334,,,,,,,107,121,38,186,131,81,19,7,89,209,103,208,151,105,146,205,185,217,50,73,52,180,241,,,,,,,,,
5171,165928,3,K,2,31,30-Oct-2016,21:14:47,40.8540,-67.6450,,401677348,-125,56,0,30-Oct-2016,21:10:51,,,464,,,,,,,38,122,74,,,,,,,,,,,,,,,,,,,,,,,,,,,,,
5171,165928,3,K,2,31,30-Oct-2016,21:14:47,40.8540,-67.6450,,401677348,-125,56,0,30-Oct-2016,21:12:29,,,464,,,,,,,10,0,16,,,,,,,,,,,,,,,,,,,,,,,,,,,,,
5171,165928,23,K,2,31,30-Oct-2016,21:14:47,40.8540,-67.6450,,401677348,-125,56,0,30-Oct-2016,21:13:20,,,464,,,,,,,87,79,114,182,74,35,32,102,255,193,81,245,197,85,132,224,244,149,130,204,135,125,56,,,,,,,,,
5171,165928,3,K,2,31,30-Oct-2016,21:14:47,40.8540,-67.6450,,401677348,-125,56,0,30-Oct-2016,21:15:39,,,464,,,,,,,69,81,4,,,,,,,,,,,,,,,,,,,,,,,,,,,,,
5171,165928,23,K,2,31,30-Oct-2016,21:14:47,40.8540,-67.6450,,401677348,-125,56,0,30-Oct-2016,21:17:50,,,464,,,,,,,67,8,140,10,57,87,24,253,197,13,16,106,144,140,75,223,5,135,192,224,231,65,157,,,,,,,,,
5171,165928,3,K,2,31,30-Oct-2016,21:14:47,40.8540,-67.6450,,401677348,-125,56,1,30-Oct-2016,21:18:35,,,464,,,,,,,26,17,19,,,,,,,,,,,,,,,,,,,,,,,,,,,,,
5171,165928,3,N,B,32,30-Oct-2016,22:49:15,40.8240,-67.6330,,401677351,-133,8,0,30-Oct-2016,22:49:16,,,,,,,,,,10,0,16,,,,,,,,,,,,,,,,,,,,,,,,,,,,,
5171,165928,3,R,B,33,30-Oct-2016,22:49:15,40.8290,-67.6380,,401677348,-133,8,0,30-Oct-2016,22:49:16,,,,,,,,,,10,0,19,,,,,,,,,,,,,,,,,,,,,,,,,,,,,
5171,165928,3,R,B,34,31-Oct-2016,08:22:44,40.6230,-67.5390,,401677340,-137,8,0,31-Oct-2016,08:22:44,,,,,,,,,,38,185,10,,,,,,,,,,,,,,,,,,,,,,,,,,,,,
5171,165928,23,P,B,35,31-Oct-2016,08:49:24,40.6070,-67.5250,,401677346,-135,6,0,31-Oct-2016,08:49:24,,,369,,,,,,,75,240,90,12,40,2,130,165,63,163,21,197,212,53,135,14,1,255,25,195,0,0,0,,,,,,,,,
5171,165928,3,P,B,35,31-Oct-2016,08:49:24,40.6070,-67.5250,,401677346,-135,6,0,31-Oct-2016,08:55:33,,,369,,,,,,,30,17,19,,,,,,,,,,,,,,,,,,,,,,,,,,,,,
5171,165928,3,K,B,36,31-Oct-2016,11:11:39,40.5340,-67.5270,,401677340,-132,6,0,31-Oct-2016,11:07:58,,,442,,,,,,,35,197,10,,,,,,,,,,,,,,,,,,,,,,,,,,,,,
5171,165928,3,K,B,36,31-Oct-2016,11:11:39,40.5340,-67.5270,,401677340,-132,6,0,31-Oct-2016,11:15:20,,,442,,,,,,,32,202,10,,,,,,,,,,,,,,,,,,,,,,,,,,,,,
5171,165928,3,N,1,37,31-Oct-2016,11:07:58,40.5360,-67.5330,,401677341,-126,58,0,31-Oct-2016,11:07:58,,,688,,,,,,,35,197,10,,,,,,,,,,,,,,,,,,,,,,,,,,,,,
5171,165928,3,N,1,37,31-Oct-2016,11:07:58,40.5360,-67.5330,,401677341,-126,58,0,31-Oct-2016,11:12:47,,,688,,,,,,,10,0,16,,,,,,,,,,,,,,,,,,,,,,,,,,,,,
5171,165928,23,N,1,37,31-Oct-2016,11:07:58,40.5360,-67.5330,,401677341,-126,58,0,31-Oct-2016,11:13:42,,,688,,,,,,,66,48,90,12,40,2,130,165,63,172,146,155,105,182,155,108,22,75,52,217,236,59,166,,,,,,,,,
5171,165928,23,N,1,37,31-Oct-2016,11:07:58,40.5360,-67.5330,,401677341,-126,58,0,31-Oct-2016,11:19:26,,,688,,,,,,,83,80,90,12,40,2,130,165,63,173,53,221,18,21,155,16,1,255,25,195,16,0,0,,,,,,,,,
5171,165928,3,R,B,38,31-Oct-2016,11:41:58,40.5240,-67.5270,,401677342,-140,8,0,31-Oct-2016,11:41:59,,,,,,,,,,30,17,19,,,,,,,,,,,,,,,,,,,,,,,,,,,,,
5171,165928,23,P,B,39,31-Oct-2016,18:33:56,40.3740,-67.4930,,401677357,-125,8,0,31-Oct-2016,18:33:34,,,44,,,,,,,85,144,90,12,40,2,130,165,63,202,23,217,146,22,39,22,1,191,25,202,144,0,0,,,,,,,,,
5171,165928,3,P,B,39,31-Oct-2016,18:33:56,40.3740,-67.4930,,401677357,-125,8,0,31-Oct-2016,18:34:18,,,44,,,,,,,26,17,19,,,,,,,,,,,,,,,,,,,,,,,,,,,,,
5171,165928,3,P,B,40,01-Nov-2016,07:03:56,40.1650,-67.2460,,401677329,-130,,0,01-Nov-2016,07:03:57,,,180,,,,,,,26,25,213,,,,,,,,,,,,,,,,,,,,,,,,,,,,,
5171,165928,23,P,B,40,01-Nov-2016,07:03:56,40.1650,-67.2460,,401677329,-130,,0,01-Nov-2016,07:06:57,,,180,,,,,,,82,192,90,12,40,2,130,165,48,156,109,152,22,22,99,20,17,159,22,205,112,0,0,,,,,,,,,
5171,165928,3,B,B,41,01-Nov-2016,13:39:13,40.2130,-67.2440,,401677340,-135,8,0,01-Nov-2016,13:39:13,,,,,,,,,,69,255,4,,,,,,,,,,,,,,,,,,,,,,,,,,,,,
5171,165928,3,A,0,42,01-Nov-2016,14:31:06,40.2540,-67.0580,,401677351,-120,58,0,01-Nov-2016,14:22:53,,,517,,,,,,,65,251,4,,,,,,,,,,,,,,,,,,,,,,,,,,,,,
5171,165928,3,A,0,42,01-Nov-2016,14:31:06,40.2540,-67.0580,,401677351,-120,58,0,01-Nov-2016,14:25:13,,,517,,,,,,,26,17,19,,,,,,,,,,,,,,,,,,,,,,,,,,,,,
5171,165928,3,A,0,42,01-Nov-2016,14:31:06,40.2540,-67.0580,,401677351,-120,58,1,01-Nov-2016,14:30:44,,,517,,,,,,,64,254,4,,,,,,,,,,,,,,,,,,,,,,,,,,,,,
5171,165928,3,A,0,42,01-Nov-2016,14:31:06,40.2540,-67.0580,,401677351,-120,58,1,01-Nov-2016,14:31:30,,,517,,,,,,,10,0,16,,,,,,,,,,,,,,,,,,,,,,,,,,,,,
5171,165928,3,A,B,43,01-Nov-2016,16:09:06,40.2830,-67.0860,,401677356,-131,8,0,01-Nov-2016,16:03:51,,,316,,,,,,,26,17,19,,,,,,,,,,,,,,,,,,,,,,,,,,,,,
5171,165928,3,A,B,43,01-Nov-2016,16:09:06,40.2830,-67.0860,,401677356,-131,8,0,01-Nov-2016,16:09:07,,,316,,,,,,,10,0,16,,,,,,,,,,,,,,,,,,,,,,,,,,,,,
5171,165928,3,P,B,44,01-Nov-2016,18:27:41,40.2360,-67.0280,,401677376,-125,8,0,01-Nov-2016,18:26:34,,,135,,,,,,,26,17,19,,,,,,,,,,,,,,,,,,,,,,,,,,,,,
5171,165928,3,P,B,44,01-Nov-2016,18:27:41,40.2360,-67.0280,,401677376,-125,8,0,01-Nov-2016,18:28:49,,,135,,,,,,,10,0,16,,,,,,,,,,,,,,,,,,,,,,,,,,,,,
5171,165928,3,P,1,45,01-Nov-2016,20:04:04,40.2320,-67.0230,,401677354,-130,48,0,01-Nov-2016,20:02:35,,,557,,,,,,,68,250,4,,,,,,,,,,,,,,,,,,,,,,,,,,,,,
5171,165928,3,P,1,45,01-Nov-2016,20:04:04,40.2320,-67.0230,,401677354,-130,48,0,01-Nov-2016,20:03:20,,,557,,,,,,,10,0,16,,,,,,,,,,,,,,,,,,,,,,,,,,,,,
5171,165928,3,P,1,45,01-Nov-2016,20:04:04,40.2320,-67.0230,,401677354,-130,48,0,01-Nov-2016,20:06:19,,,557,,,,,,,71,245,4,,,,,,,,,,,,,,,,,,,,,,,,,,,,,
5171,165928,3,P,1,45,01-Nov-2016,20:04:04,40.2320,-67.0230,,401677354,-130,48,0,01-Nov-2016,20:09:32,,,557,,,,,,,46,90,12,,,,,,,,,,,,,,,,,,,,,,,,,,,,,
5171,165928,23,P,1,45,01-Nov-2016,20:04:04,40.2320,-67.0230,,401677354,-130,48,0,01-Nov-2016,20:11:52,,,557,,,,,,,66,240,90,12,40,2,130,165,48,208,188,89,214,24,187,22,1,255,22,207,112,0,0,,,,,,,,,
5171,165928,3,K,A,46,01-Nov-2016,20:27:24,40.2480,-67.0080,,401677347,-137,6,0,01-Nov-2016,20:26:11,,,179,,,,,,,10,0,16,,,,,,,,,,,,,,,,,,,,,,,,,,,,,
5171,165928,23,K,A,46,01-Nov-2016,20:27:24,40.2480,-67.0080,,401677347,-137,6,0,01-Nov-2016,20:26:55,,,179,,,,,,,92,240,90,12,40,130,194,194,207,36,165,226,132,29,119,244,29,23,95,62,247,246,172,,,,,,,,,
5171,165928,3,K,A,46,01-Nov-2016,20:27:24,40.2480,-67.0080,,401677347,-137,6,0,01-Nov-2016,20:29:10,,,179,,,,,,,71,245,4,,,,,,,,,,,,,,,,,,,,,,,,,,,,,
5171,165928,3,N,A,47,01-Nov-2016,20:44:19,40.2480,-66.9940,,401677348,-137,6,0,01-Nov-2016,20:43:34,,,437,,,,,,,32,135,12,,,,,,,,,,,,,,,,,,,,,,,,,,,,,
5171,165928,3,N,A,47,01-Nov-2016,20:44:19,40.2480,-66.9940,,401677348,-137,6,0,01-Nov-2016,20:45:04,,,437,,,,,,,10,0,16,,,,,,,,,,,,,,,,,,,,,,,,,,,,,
5171,165928,3,N,A,47,01-Nov-2016,20:44:19,40.2480,-66.9940,,401677348,-137,6,0,01-Nov-2016,20:50:51,,,437,,,,,,,26,17,19,,,,,,,,,,,,,,,,,,,,,,,,,,,,,
5171,165928,3,N,B,48,01-Nov-2016,22:20:56,40.2390,-66.9480,,401677356,-135,8,0,01-Nov-2016,22:20:57,,,,,,,,,,33,205,12,,,,,,,,,,,,,,,,,,,,,,,,,,,,,
5171,165928,3,K,B,49,02-Nov-2016,10:24:58,40.2350,-66.5660,,401677368,-133,,0,02-Nov-2016,10:24:04,,,109,,,,,,,10,18,17,,,,,,,,,,,,,,,,,,,,,,,,,,,,,
5171,165928,23,K,B,49,02-Nov-2016,10:24:58,40.2350,-66.5660,,401677368,-133,,0,02-Nov-2016,10:25:53,,,109,,,,,,,91,240,90,12,40,2,130,165,43,44,66,248,233,202,136,148,75,231,25,122,44,32,203,,,,,,,,,
5171,165928,3,N,B,50,02-Nov-2016,20:36:16,40.4500,-66.9010,,401677350,-140,8,0,02-Nov-2016,20:36:17,,,,,,,,,,26,17,19,,,,,,,,,,,,,,,,,,,,,,,,,,,,,
5171,165928,3,A,B,51,03-Nov-2016,13:48:20,40.5470,-66.5710,,401677349,-135,,0,03-Nov-2016,13:48:20,,,,,,,,,,10,0,16,,,,,,,,,,,,,,,,,,,,,,,,,,,,,
5171,165928,3,P,0,52,03-Nov-2016,19:44:11,41.0000,-67.0750,,401677349,-130,48,0,03-Nov-2016,19:44:34,,,185,,,,,,,3,121,230,,,,,,,,,,,,,,,,,,,,,,,,,,,,,
5171,165928,3,P,0,52,03-Nov-2016,19:44:11,41.0000,-67.0750,,401677349,-130,48,0,03-Nov-2016,19:46:02,,,185,,,,,,,10,0,16,,,,,,,,,,,,,,,,,,,,,,,,,,,,,
5171,165928,23,P,0,52,03-Nov-2016,19:44:11,41.0000,-67.0750,,401677349,-130,48,0,03-Nov-2016,19:46:46,,,185,,,,,,,84,144,90,12,40,2,130,165,49,206,234,154,20,26,255,16,1,255,21,193,240,0,0,,,,,,,,,
5171,165928,3,P,0,52,03-Nov-2016,19:44:11,41.0000,-67.0750,,401677349,-130,48,1,03-Nov-2016,19:47:39,,,185,,,,,,,26,17,19,,,,,,,,,,,,,,,,,,,,,,,,,,,,,
5171,165928,3,K,B,53,03-Nov-2016,21:18:03,41.0210,-67.0880,,401677358,-137,8,0,03-Nov-2016,21:17:15,,,97,,,,,,,10,0,16,,,,,,,,,,,,,,,,,,,,,,,,,,,,,
5171,165928,3,K,B,53,03-Nov-2016,21:18:03,41.0210,-67.0880,,401677358,-137,8,0,03-Nov-2016,21:18:52,,,97,,,,,,,26,17,19,,,,,,,,,,,,,,,,,,,,,,,,,,,,,
5171,165928,3,N,B,54,03-Nov-2016,22:08:19,41.0390,-67.0980,,401677354,-133,8,0,03-Nov-2016,22:08:19,,,,,,,,,,26,17,19,,,,,,,,,,,,,,,,,,,,,,,,,,,,,
5171,165928,3,K,2,55,04-Nov-2016,20:51:27,41.4040,-67.4870,,401677355,-133,50,0,04-Nov-2016,20:49:48,,,205,,,,,,,36,3,14,,,,,,,,,,,,,,,,,,,,,,,,,,,,,
5171,165928,3,K,2,55,04-Nov-2016,20:51:27,41.4040,-67.4870,,401677355,-133,50,0,04-Nov-2016,20:51:23,,,205,,,,,,,10,0,16,,,,,,,,,,,,,,,,,,,,,,,,,,,,,
5171,165928,3,K,2,55,04-Nov-2016,20:51:27,41.4040,-67.4870,,401677355,-133,50,1,04-Nov-2016,20:53:13,,,205,,,,,,,26,17,19,,,,,,,,,,,,,,,,,,,,,,,,,,,,,
5171,165928,23,R,B,56,04-Nov-2016,21:48:12,41.4170,-67.5010,,401677375,-138,7,0,04-Nov-2016,21:48:12,,,,,,,,,,89,16,90,12,40,2,130,165,50,87,2,116,82,227,33,127,81,114,170,230,208,249,225,,,,,,,,,
5171,165928,3,N,B,57,04-Nov-2016,21:51:12,41.4170,-67.5020,,401677344,-131,8,0,04-Nov-2016,21:51:12,,,,,,,,,,33,18,14,,,,,,,,,,,,,,,,,,,,,,,,,,,,,
5171,165928,23,P,0,58,05-Nov-2016,19:21:38,41.0990,-67.7590,,401677355,-131,40,0,05-Nov-2016,19:21:07,,,319,,,,,,,80,48,90,12,40,2,130,165,50,205,81,26,210,29,167,16,1,172,25,197,16,0,0,,,,,,,,,
5171,165928,3,P,0,58,05-Nov-2016,19:21:38,41.0990,-67.7590,,401677355,-131,40,0,05-Nov-2016,19:22:10,,,319,,,,,,,26,17,19,,,,,,,,,,,,,,,,,,,,,,,,,,,,,
5171,165928,3,P,0,58,05-Nov-2016,19:21:38,41.0990,-67.7590,,401677355,-131,40,0,05-Nov-2016,19:25:37,,,319,,,,,,,10,0,0,,,,,,,,,,,,,,,,,,,,,,,,,,,,,
5171,165928,23,P,0,58,05-Nov-2016,19:21:38,41.0990,-67.7590,,401677355,-131,40,0,05-Nov-2016,19:26:26,,,319,,,,,,,72,240,90,12,32,2,130,165,179,205,120,53,196,133,200,153,254,166,242,34,126,104,63,,,,,,,,,
5171,165928,3,P,B,59,06-Nov-2016,07:47:56,41.2100,-67.9130,,401677352,-138,,0,06-Nov-2016,07:47:56,,,,,,,,,,26,17,19,,,,,,,,,,,,,,,,,,,,,,,,,,,,,
5171,165928,3,P,2,60,06-Nov-2016,17:30:41,41.2020,-67.8480,,401677356,-132,58,0,06-Nov-2016,17:26:07,,,523,,,,,,,37,167,15,,,,,,,,,,,,,,,,,,,,,,,,,,,,,
5171,165928,23,P,2,60,06-Nov-2016,17:30:41,41.2020,-67.8480,,401677356,-132,58,0,06-Nov-2016,17:28:23,,,523,,,,,,,81,144,90,12,40,2,130,165,51,69,197,23,82,31,85,18,1,255,25,196,240,0,0,,,,,,,,,
5171,165928,3,P,2,60,06-Nov-2016,17:30:41,41.2020,-67.8480,,401677356,-132,58,0,06-Nov-2016,17:30:17,,,523,,,,,,,34,172,31,,,,,,,,,,,,,,,,,,,,,,,,,,,,,
5171,165928,3,P,2,60,06-Nov-2016,17:30:41,41.2020,-67.8480,,401677356,-132,58,0,06-Nov-2016,17:31:44,,,523,,,,,,,10,0,16,,,,,,,,,,,,,,,,,,,,,,,,,,,,,
5171,165928,23,P,2,60,06-Nov-2016,17:30:41,41.2020,-67.8480,,401677356,-132,58,0,06-Nov-2016,17:32:28,,,523,,,,,,,78,112,90,12,40,2,130,165,51,70,6,22,84,31,95,14,1,184,25,196,240,0,0,,,,,,,,,
5171,165928,3,P,2,60,06-Nov-2016,17:30:41,41.2020,-67.8480,,401677356,-132,58,1,06-Nov-2016,17:33:12,,,523,,,,,,,26,17,19,,,,,,,,,,,,,,,,,,,,,,,,,,,,,
5171,165928,3,P,2,60,06-Nov-2016,17:30:41,41.2020,-67.8480,,401677356,-132,58,0,06-Nov-2016,17:33:59,,,523,,,,,,,43,177,15,,,,,,,,,,,,,,,,,,,,,,,,,,,,,
5171,165928,3,P,2,60,06-Nov-2016,17:30:41,41.2020,-67.8480,,401677356,-132,58,0,06-Nov-2016,17:34:50,,,523,,,,,,,67,79,4,,,,,,,,,,,,,,,,,,,,,,,,,,,,,
5171,165928,23,P,1,61,06-Nov-2016,19:05:44,41.1770,-67.8210,,401677357,-129,58,0,06-Nov-2016,19:05:44,,,537,,,,,,,81,112,90,12,40,2,147,142,8,0,188,224,108,112,67,9,72,170,137,128,111,248,9,,,,,,,,,
5171,165928,3,P,1,61,06-Nov-2016,19:05:44,41.1770,-67.8210,,401677357,-129,58,0,06-Nov-2016,19:06:29,,,537,,,,,,,26,17,19,,,,,,,,,,,,,,,,,,,,,,,,,,,,,
5171,165928,3,P,1,61,06-Nov-2016,19:05:44,41.1770,-67.8210,,401677357,-129,58,0,06-Nov-2016,19:08:08,,,537,,,,,,,67,79,4,,,,,,,,,,,,,,,,,,,,,,,,,,,,,
5171,165928,23,P,1,61,06-Nov-2016,19:05:44,41.1770,-67.8210,,401677357,-129,58,0,06-Nov-2016,19:09:48,,,537,,,,,,,76,240,90,12,40,2,130,165,59,78,7,55,78,17,123,218,97,123,225,18,36,55,126,,,,,,,,,
5171,165928,23,P,1,61,06-Nov-2016,19:05:44,41.1770,-67.8210,,401677357,-129,58,0,06-Nov-2016,19:14:41,,,537,,,,,,,89,144,90,12,40,2,130,165,51,76,203,89,22,31,185,16,1,255,170,170,170,170,238,,,,,,,,,
5171,165928,3,K,B,62,06-Nov-2016,20:00:03,41.1770,-67.8190,,401677350,-137,8,0,06-Nov-2016,20:00:03,,,,,,,,,,26,17,19,,,,,,,,,,,,,,,,,,,,,,,,,,,,,
5171,165928,3,P,B,63,06-Nov-2016,20:50:39,41.1760,-67.8200,,401677344,-137,8,0,06-Nov-2016,20:50:39,,,,,,,,,,67,79,4,,,,,,,,,,,,,,,,,,,,,,,,,,,,,
5171,165928,3,N,3,64,06-Nov-2016,21:31:35,41.1280,-67.7910,,401677359,-131,57,0,06-Nov-2016,21:29:02,,,153,,,,,,,73,77,4,,,,,,,,,,,,,,,,,,,,,,,,,,,,,
5171,165928,3,N,3,64,06-Nov-2016,21:31:35,41.1280,-67.7910,,401677359,-131,57,0,06-Nov-2016,21:29:52,,,153,,,,,,,10,0,16,,,,,,,,,,,,,,,,,,,,,,,,,,,,,
5171,165928,23,N,3,64,06-Nov-2016,21:31:35,41.1280,-67.7910,,401677359,-131,57,0,06-Nov-2016,21:30:41,,,153,,,,,,,65,240,90,12,40,2,130,165,51,85,233,93,18,32,189,20,1,170,25,196,208,0,0,,,,,,,,,
5171,165928,3,N,3,64,06-Nov-2016,21:31:35,41.1280,-67.7910,,401677359,-131,57,1,06-Nov-2016,21:31:35,,,153,,,,,,,26,17,19,,,,,,,,,,,,,,,,,,,,,,,,,,,,,
5171,165928,23,K,3,65,06-Nov-2016,21:35:14,41.1270,-67.7980,,401677357,-125,56,0,06-Nov-2016,21:34:52,,,583,,,,,,,66,80,90,12,40,2,130,165,51,86,44,30,210,32,204,59,194,204,67,11,3,192,122,,,,,,,,,
5171,165928,3,K,3,65,06-Nov-2016,21:35:14,41.1270,-67.7980,,401677357,-125,56,0,06-Nov-2016,21:36:25,,,583,,,,,,,43,101,16,,,,,,,,,,,,,,,,,,,,,,,,,,,,,
5171,165928,3,K,3,65,06-Nov-2016,21:35:14,41.1270,-67.7980,,401677357,-125,56,0,06-Nov-2016,21:37:12,,,583,,,,,,,70,78,4,,,,,,,,,,,,,,,,,,,,,,,,,,,,,
5171,165928,23,K,3,65,06-Nov-2016,21:35:14,41.1270,-67.7980,,401677357,-125,56,0,06-Nov-2016,21:38:52,,,583,,,,,,,92,16,90,12,40,2,130,165,51,86,108,28,148,32,209,18,1,98,25,196,224,0,0,,,,,,,,,
5171,165928,3,K,3,65,06-Nov-2016,21:35:14,41.1270,-67.7980,,401677357,-125,56,0,06-Nov-2016,21:40:22,,,583,,,,,,,40,106,16,,,,,,,,,,,,,,,,,,,,,,,,,,,,,
5171,165928,3,K,3,65,06-Nov-2016,21:35:14,41.1270,-67.7980,,401677357,-125,56,0,06-Nov-2016,21:41:17,,,583,,,,,,,67,79,4,,,,,,,,,,,,,,,,,,,,,,,,,,,,,
5171,165928,3,K,3,65,06-Nov-2016,21:35:14,41.1270,-67.7980,,401677357,-125,56,1,06-Nov-2016,21:42:14,,,583,,,,,,,10,0,16,,,,,,,,,,,,,,,,,,,,,,,,,,,,,
5171,165928,3,K,3,65,06-Nov-2016,21:35:14,41.1270,-67.7980,,401677357,-125,56,2,06-Nov-2016,21:44:35,,,583,,,,,,,26,17,19,,,,,,,,,,,,,,,,,,,,,,,,,,,,,
5171,165928,3,N,A,66,06-Nov-2016,23:13:18,41.1090,-67.7810,,401677348,-130,8,0,06-Nov-2016,23:13:18,,,92,,,,,,,44,126,16,,,,,,,,,,,,,,,,,,,,,,,,,,,,,
5171,165928,3,N,A,66,06-Nov-2016,23:13:18,41.1090,-67.7810,,401677348,-130,8,0,06-Nov-2016,23:14:05,,,92,,,,,,,70,78,4,,,,,,,,,,,,,,,,,,,,,,,,,,,,,
5171,165928,3,N,A,66,06-Nov-2016,23:13:18,41.1090,-67.7810,,401677348,-130,8,0,06-Nov-2016,23:14:50,,,92,,,,,,,10,0,16,,,,,,,,,,,,,,,,,,,,,,,,,,,,,
5171,165928,3,K,A,67,06-Nov-2016,23:18:19,41.1030,-67.8420,,401677358,-132,6,0,06-Nov-2016,23:18:19,,,187,,,,,,,70,78,4,,,,,,,,,,,,,,,,,,,,,,,,,,,,,
5171,165928,3,K,A,67,06-Nov-2016,23:18:19,41.1030,-67.8420,,401677358,-132,6,0,06-Nov-2016,23:20:35,,,187,,,,,,,26,17,19,,,,,,,,,,,,,,,,,,,,,,,,,,,,,
5171,165928,3,K,A,67,06-Nov-2016,23:18:19,41.1030,-67.8420,,401677358,-132,6,0,06-Nov-2016,23:21:26,,,187,,,,,,,168,193,102,,,,,,,,,,,,,,,,,,,,,,,,,,,,,
5171,165928,3,R,3,68,07-Nov-2016,00:06:01,41.0800,-67.8630,,401677359,-133,56,0,07-Nov-2016,00:01:13,,,467,,,,,,,40,171,16,,,,,,,,,,,,,,,,,,,,,,,,,,,,,
5171,165928,3,R,3,68,07-Nov-2016,00:06:01,41.0800,-67.8630,,401677359,-133,56,0,07-Nov-2016,00:05:04,,,467,,,,,,,47,176,16,,,,,,,,,,,,,,,,,,,,,,,,,,,,,
5171,165928,3,R,3,68,07-Nov-2016,00:06:01,41.0800,-67.8630,,401677359,-133,56,0,07-Nov-2016,00:05:50,,,467,,,,,,,76,76,4,,,,,,,,,,,,,,,,,,,,,,,,,,,,,
5171,165928,3,R,3,68,07-Nov-2016,00:06:01,41.0800,-67.8630,,401677359,-133,56,0,07-Nov-2016,00:06:44,,,467,,,,,,,10,0,16,,,,,,,,,,,,,,,,,,,,,,,,,,,,,
5171,165928,3,R,3,68,07-Nov-2016,00:06:01,41.0800,-67.8630,,401677359,-133,56,0,07-Nov-2016,00:08:17,,,467,,,,,,,26,17,19,,,,,,,,,,,,,,,,,,,,,,,,,,,,,
5171,165928,3,R,3,68,07-Nov-2016,00:06:01,41.0800,-67.8630,,401677359,-133,56,0,07-Nov-2016,00:09:00,,,467,,,,,,,46,181,0,,,,,,,,,,,,,,,,,,,,,,,,,,,,,
5171,165928,3,A,1,69,07-Nov-2016,00:05:03,41.0880,-67.8660,,401677350,-130,58,0,07-Nov-2016,00:05:04,,,144,,,,,,,47,176,16,,,,,,,,,,,,,,,,,,,,,,,,,,,,,
5171,165928,3,A,1,69,07-Nov-2016,00:05:03,41.0880,-67.8660,,401677350,-130,58,0,07-Nov-2016,00:05:50,,,144,,,,,,,108,76,4,,,,,,,,,,,,,,,,,,,,,,,,,,,,,
5171,165928,3,A,1,69,07-Nov-2016,00:05:03,41.0880,-67.8660,,401677350,-130,58,0,07-Nov-2016,00:06:44,,,144,,,,,,,10,0,0,,,,,,,,,,,,,,,,,,,,,,,,,,,,,
5171,165928,23,A,1,69,07-Nov-2016,00:05:03,41.0880,-67.8660,,401677350,-130,58,0,07-Nov-2016,00:07:28,,,144,,,,,,,67,176,90,4,110,185,125,219,191,205,80,183,95,245,86,84,103,135,136,147,138,6,208,,,,,,,,,
5171,165928,3,P,0,70,07-Nov-2016,19:00:25,40.4800,-67.8820,,401677356,-129,40,0,07-Nov-2016,19:01:29,,,184,,,,,,,10,0,16,,,,,,,,,,,,,,,,,,,,,,,,,,,,,
5171,165928,23,P,0,70,07-Nov-2016,19:00:25,40.4800,-67.8820,,401677356,-129,40,0,07-Nov-2016,19:02:14,,,184,,,,,,,85,176,90,12,40,2,130,165,51,204,36,98,45,60,133,89,54,242,96,227,25,243,72,,,,,,,,,
5171,165928,3,P,0,70,07-Nov-2016,19:00:25,40.4800,-67.8820,,401677356,-129,40,0,07-Nov-2016,19:03:45,,,184,,,,,,,33,201,16,,,,,,,,,,,,,,,,,,,,,,,,,,,,,
5171,165928,3,P,0,70,07-Nov-2016,19:00:25,40.4800,-67.8820,,401677356,-129,40,1,07-Nov-2016,19:04:33,,,184,,,,,,,77,184,4,,,,,,,,,,,,,,,,,,,,,,,,,,,,,
5171,165928,3,K,B,71,07-Nov-2016,21:11:34,40.4560,-67.8740,,401677369,-128,8,0,07-Nov-2016,21:11:13,,,44,,,,,,,10,0,16,,,,,,,,,,,,,,,,,,,,,,,,,,,,,
5171,165928,23,K,B,71,07-Nov-2016,21:11:34,40.4560,-67.8740,,401677369,-128,8,0,07-Nov-2016,21:11:57,,,44,,,,,,,78,112,90,12,40,2,130,165,51,212,189,96,220,34,7,18,1,230,35,51,49,153,153,,,,,,,,,
5171,165928,3,N,B,72,07-Nov-2016,21:21:24,40.4500,-67.8200,,401677342,-133,6,0,07-Nov-2016,21:21:24,,,,,,,,,,26,17,19,,,,,,,,,,,,,,,,,,,,,,,,,,,,,
5171,165928,3,R,1,73,07-Nov-2016,21:53:48,40.4670,-67.7590,,401677358,-129,46,0,07-Nov-2016,21:49:18,,,474,,,,,,,10,0,48,,,,,,,,,,,,,,,,,,,,,,,,,,,,,
5171,165928,3,R,1,73,07-Nov-2016,21:53:48,40.4670,-67.7590,,401677358,-129,46,0,07-Nov-2016,21:51:43,,,474,,,,,,,46,20,17,,,,,,,,,,,,,,,,,,,,,,,,,,,,,
5171,165928,3,R,1,73,07-Nov-2016,21:53:48,40.4670,-67.7590,,401677358,-129,46,0,07-Nov-2016,21:52:34,,,474,,,,,,,70,191,4,,,,,,,,,,,,,,,,,,,,,,,,,,,,,
5171,165928,3,R,1,73,07-Nov-2016,21:53:48,40.4670,-67.7590,,401677358,-129,46,0,07-Nov-2016,21:55:38,,,474,,,,,,,39,25,17,,,,,,,,,,,,,,,,,,,,,,,,,,,,,
5171,165928,3,R,1,73,07-Nov-2016,21:53:48,40.4670,-67.7590,,401677358,-129,46,0,07-Nov-2016,21:56:23,,,474,,,,,,,76,189,4,,,,,,,,,,,,,,,,,,,,,,,,,,,,,
5171,165928,3,R,1,73,07-Nov-2016,21:53:48,40.4670,-67.7590,,401677358,-129,46,0,07-Nov-2016,21:57:12,,,474,,,,,,,10,0,16,,,,,,,,,,,,,,,,,,,,,,,,,,,,,
5171,165928,3,P,2,74,08-Nov-2016,08:59:27,40.3320,-67.7560,,401677352,-133,58,0,08-Nov-2016,08:57:46,,,406,,,,,,,10,0,16,,,,,,,,,,,,,,,,,,,,,,,,,,,,,
5171,165928,3,P,2,74,08-Nov-2016,08:59:27,40.3320,-67.7560,,401677352,-133,58,0,08-Nov-2016,08:59:15,,,406,,,,,,,26,17,19,,,,,,,,,,,,,,,,,,,,,,,,,,,,,
5171,165928,3,P,2,74,08-Nov-2016,08:59:27,40.3320,-67.7560,,401677352,-133,58,0,08-Nov-2016,09:00:02,,,406,,,,,,,38,115,17,,,,,,,,,,,,,,,,,,,,,,,,,,,,,
5171,165928,3,P,2,74,08-Nov-2016,08:59:27,40.3320,-67.7560,,401677352,-133,58,0,08-Nov-2016,09:00:46,,,406,,,,,,,70,192,4,,,,,,,,,,,,,,,,,,,,,,,,,,,,,
5171,165928,3,P,2,74,08-Nov-2016,08:59:27,40.3320,-67.7560,,401677352,-133,58,0,08-Nov-2016,09:04:32,,,406,,,,,,,76,194,4,,,,,,,,,,,,,,,,,,,,,,,,,,,,,
5171,165928,3,R,A,75,08-Nov-2016,10:50:28,40.3520,-67.7660,,401677341,-124,8,1,08-Nov-2016,10:54:41,,,45,,,,,,,10,0,16,,,,,,,,,,,,,,,,,,,,,,,,,,,,,
5171,165928,23,R,A,75,08-Nov-2016,10:50:28,40.3520,-67.7660,,401677341,-124,8,0,08-Nov-2016,10:55:26,,,45,,,,,,,66,144,122,12,44,2,130,165,52,43,119,147,220,50,72,248,144,151,13,167,188,115,58,,,,,,,,,
5171,165928,3,N,B,76,08-Nov-2016,11:19:55,40.3410,-67.7760,,401677368,-132,6,0,08-Nov-2016,11:19:55,,,,,,,,,,26,17,19,,,,,,,,,,,,,,,,,,,,,,,,,,,,,
5171,165928,3,P,B,77,08-Nov-2016,20:27:40,40.3400,-67.6410,,401677368,-131,8,0,08-Nov-2016,20:27:40,,,,,,,,,,46,245,17,,,,,,,,,,,,,,,,,,,,,,,,,,,,,
5171,165928,3,K,A,78,08-Nov-2016,20:52:24,40.3410,-67.8350,,401677353,-131,6,0,08-Nov-2016,20:48:57,,,365,,,,,,,68,181,4,,,,,,,,,,,,,,,,,,,,,,,,,,,,,
5171,165928,3,K,A,78,08-Nov-2016,20:52:24,40.3410,-67.8350,,401677353,-131,6,0,08-Nov-2016,20:53:15,,,365,,,,,,,43,4,18,,,,,,,,,,,,,,,,,,,,,,,,,,,,,
5171,165928,3,K,A,78,08-Nov-2016,20:52:24,40.3410,-67.8350,,401677353,-131,6,0,08-Nov-2016,20:55:02,,,365,,,,,,,10,0,16,,,,,,,,,,,,,,,,,,,,,,,,,,,,,
5171,165928,3,N,A,79,08-Nov-2016,21:05:59,40.3390,-67.8410,,401677354,-133,6,0,08-Nov-2016,21:04:27,,,200,,,,,,,26,17,19,,,,,,,,,,,,,,,,,,,,,,,,,,,,,
5171,165928,3,N,A,79,08-Nov-2016,21:05:59,40.3390,-67.8410,,401677354,-133,6,0,08-Nov-2016,21:05:44,,,200,,,,,,,41,14,18,,,,,,,,,,,,,,,,,,,,,,,,,,,,,
5171,165928,3,N,A,79,08-Nov-2016,21:05:59,40.3390,-67.8410,,401677354,-133,6,0,08-Nov-2016,21:07:47,,,200,,,,,,,10,0,16,,,,,,,,,,,,,,,,,,,,,,,,,,,,,
5171,165928,3,R,A,80,08-Nov-2016,21:22:41,40.3400,-67.8320,,401677351,-134,6,0,08-Nov-2016,21:21:22,,,194,,,,,,,26,16,19,,,,,,,,,,,,,,,,,,,,,,,,,,,,,
5171,165928,3,R,A,80,08-Nov-2016,21:22:41,40.3400,-67.8320,,401677351,-134,6,0,08-Nov-2016,21:22:08,,,194,,,,,,,38,29,18,,,,,,,,,,,,,,,,,,,,,,,,,,,,,
5171,165928,3,R,A,80,08-Nov-2016,21:22:41,40.3400,-67.8320,,401677351,-134,6,0,08-Nov-2016,21:24:36,,,194,,,,,,,10,0,16,,,,,,,,,,,,,,,,,,,,,,,,,,,,,
5171,165928,3,A,B,81,09-Nov-2016,13:23:20,40.2340,-67.8840,,401677375,-127,,0,09-Nov-2016,13:22:09,,,143,,,,,,,77,184,13,,,,,,,,,,,,,,,,,,,,,,,,,,,,,
5171,165928,3,A,B,81,09-Nov-2016,13:23:20,40.2340,-67.8840,,401677375,-127,,0,09-Nov-2016,13:24:32,,,143,,,,,,,26,17,19,,,,,,,,,,,,,,,,,,,,,,,,,,,,,
5171,165928,3,P,B,82,09-Nov-2016,20:17:38,40.1810,-67.8730,,401677346,-132,8,0,09-Nov-2016,20:17:39,,,,,,,,,,36,169,18,,,,,,,,,,,,,,,,,,,,,,,,,,,,,
5171,165928,3,K,B,83,09-Nov-2016,20:27:18,40.1790,-67.9960,,401677351,-133,6,0,09-Nov-2016,20:25:38,,,202,,,,,,,42,0,145,,,,,,,,,,,,,,,,,,,,,,,,,,,,,
5171,165928,3,K,B,83,09-Nov-2016,20:27:18,40.1790,-67.9960,,401677351,-133,6,0,09-Nov-2016,20:29:00,,,202,,,,,,,38,178,43,,,,,,,,,,,,,,,,,,,,,,,,,,,,,
5171,165928,23,N,B,84,09-Nov-2016,20:56:16,40.1750,-67.9920,,401677352,-133,6,0,09-Nov-2016,20:55:54,,,45,,,,,,,90,48,90,12,40,2,130,165,52,211,124,152,157,122,110,201,124,145,11,35,54,189,83,,,,,,,,,
5171,165928,3,N,B,84,09-Nov-2016,20:56:16,40.1750,-67.9920,,401677352,-133,6,0,09-Nov-2016,20:56:39,,,45,,,,,,,26,17,19,,,,,,,,,,,,,,,,,,,,,,,,,,,,,
5171,165928,23,B,B,85,10-Nov-2016,01:36:17,40.1620,-67.9610,,401677358,-132,8,0,10-Nov-2016,01:35:55,,,45,,,,,,,93,176,90,12,40,2,130,165,52,6,62,199,149,142,24,184,3,102,63,228,91,57,121,,,,,,,,,
5171,165928,3,B,B,85,10-Nov-2016,01:36:17,40.1620,-67.9610,,401677358,-132,8,0,10-Nov-2016,01:36:40,,,45,,,,,,,26,17,19,,,,,,,,,,,,,,,,,,,,,,,,,,,,,
5171,165928,3,N,A,86,10-Nov-2016,10:58:15,40.1480,-68.1510,,401677361,-127,8,0,10-Nov-2016,10:57:22,,,102,,,,,,,43,43,19,,,,,,,,,,,,,,,,,,,,,,,,,,,,,
5171,165928,3,N,A,86,10-Nov-2016,10:58:15,40.1480,-68.1510,,401677361,-127,8,0,10-Nov-2016,10:58:19,,,102,,,,,,,77,194,69,,,,,,,,,,,,,,,,,,,,,,,,,,,,,
5171,165928,3,N,A,86,10-Nov-2016,10:58:15,40.1480,-68.1510,,401677361,-127,8,0,10-Nov-2016,10:59:04,,,102,,,,,,,10,0,16,,,,,,,,,,,,,,,,,,,,,,,,,,,,,
5171,165928,3,R,B,87,10-Nov-2016,11:26:37,40.1480,-68.1500,,401677356,-137,6,0,10-Nov-2016,11:26:01,,,73,,,,,,,77,199,4,,,,,,,,,,,,,,,,,,,,,,,,,,,,,
5171,165928,3,R,B,87,10-Nov-2016,11:26:37,40.1480,-68.1500,,401677356,-137,6,0,10-Nov-2016,11:27:14,,,73,,,,,,,8,192,17,,,,,,,,,,,,,,,,,,,,,,,,,,,,,
5171,165928,3,A,1,88,10-Nov-2016,14:42:05,40.1130,-68.1460,,401677357,-121,58,0,10-Nov-2016,14:39:27,,,182,,,,,,,26,17,19,,,,,,,,,,,,,,,,,,,,,,,,,,,,,
5171,165928,3,A,1,88,10-Nov-2016,14:42:05,40.1130,-68.1460,,401677357,-121,58,0,10-Nov-2016,14:40:11,,,182,,,,,,,42,113,19,,,,,,,,,,,,,,,,,,,,,,,,,,,,,
5171,165928,3,A,1,88,10-Nov-2016,14:42:05,40.1130,-68.1460,,401677357,-121,58,0,10-Nov-2016,14:40:55,,,182,,,,,,,76,227,4,,,,,,,,,,,,,,,,,,,,,,,,,,,,,
5171,165928,3,A,1,88,10-Nov-2016,14:42:05,40.1130,-68.1460,,401677357,-121,58,0,10-Nov-2016,14:41:43,,,182,,,,,,,10,0,16,,,,,,,,,,,,,,,,,,,,,,,,,,,,,
5171,165928,23,A,1,88,10-Nov-2016,14:42:05,40.1130,-68.1460,,401677357,-121,58,0,10-Nov-2016,14:42:29,,,182,,,,,,,94,177,115,100,201,147,34,100,73,36,147,116,219,36,205,36,153,36,179,100,155,89,128,,,,,,,,,
5171,165928,3,R,B,89,11-Nov-2016,09:15:16,40.0340,-68.2270,,401677333,-135,,0,11-Nov-2016,09:14:53,,,46,,,,,,,46,203,19,,,,,,,,,,,,,,,,,,,,,,,,,,,,,
5171,165928,3,R,B,89,11-Nov-2016,09:15:16,40.0340,-68.2270,,401677333,-135,,0,11-Nov-2016,09:15:39,,,46,,,,,,,67,241,4,,,,,,,,,,,,,,,,,,,,,,,,,,,,,
5171,165928,3,N,B,90,11-Nov-2016,10:47:35,40.0110,-68.2900,,401677352,-137,7,0,11-Nov-2016,10:47:36,,,,,,,,,,26,17,19,,,,,,,,,,,,,,,,,,,,,,,,,,,,,
5171,165928,3,R,B,91,11-Nov-2016,10:56:10,40.0230,-68.2960,,401677370,-129,6,0,11-Nov-2016,10:56:10,,,,,,,,,,33,248,19,,,,,,,,,,,,,,,,,,,,,,,,,,,,,
5171,165928,3,K,B,92,11-Nov-2016,11:34:17,40.0350,-68.2760,,401677368,-128,8,0,11-Nov-2016,11:33:41,,,73,,,,,,,32,17,20,,,,,,,,,,,,,,,,,,,,,,,,,,,,,
5171,165928,3,K,B,92,11-Nov-2016,11:34:17,40.0350,-68.2760,,401677368,-128,8,0,11-Nov-2016,11:34:54,,,73,,,,,,,74,236,4,,,,,,,,,,,,,,,,,,,,,,,,,,,,,
5171,165928,3,N,B,93,11-Nov-2016,12:31:27,40.0410,-68.2990,,401677349,-137,8,0,11-Nov-2016,12:31:28,,,,,,,,,,38,47,20,,,,,,,,,,,,,,,,,,,,,,,,,,,,,
5171,165928,3,A,B,94,11-Nov-2016,14:17:39,40.0450,-68.3140,,401677349,-132,8,0,11-Nov-2016,14:17:39,,,,,,,,,,44,82,20,,,,,,,,,,,,,,,,,,,,,,,,,,,,,
5171,165928,3,A,B,95,12-Nov-2016,03:21:26,40.0340,-68.3020,,401677345,-134,,0,12-Nov-2016,03:21:27,,,,,,,,,,37,31,21,,,,,,,,,,,,,,,,,,,,,,,,,,,,,
5171,165928,3,P,B,96,12-Nov-2016,06:38:13,39.9340,-68.5390,,401677395,-136,7,0,12-Nov-2016,06:38:13,,,49,,,,,,,10,0,132,,,,,,,,,,,,,,,,,,,,,,,,,,,,,
5171,165928,23,P,B,96,12-Nov-2016,06:38:13,39.9340,-68.5390,,401677395,-136,7,0,12-Nov-2016,06:39:02,,,49,,,,,,,28,176,90,12,56,2,130,165,54,26,110,161,92,43,13,20,1,184,20,205,96,0,0,,,,,,,,,
5171,165928,3,P,B,97,12-Nov-2016,19:41:54,39.8990,-68.9340,,401677328,-130,,0,12-Nov-2016,19:41:55,,,168,,,,,,,65,180,4,,,,,,,,,,,,,,,,,,,,,,,,,,,,,
5171,165928,3,P,B,97,12-Nov-2016,19:41:54,39.8990,-68.9340,,401677328,-130,,0,12-Nov-2016,19:44:43,,,168,,,,,,,26,17,19,,,,,,,,,,,,,,,,,,,,,,,,,,,,,
5171,165928,3,N,B,98,12-Nov-2016,21:55:27,39.8190,-69.0430,,401677362,-125,8,0,12-Nov-2016,21:55:28,,,237,,,,,,,46,201,21,,,,,,,,,,,,,,,,,,,,,,,,,,,,,
5171,165928,3,N,B,98,12-Nov-2016,21:55:27,39.8190,-69.0430,,401677362,-125,8,0,12-Nov-2016,21:59:25,,,237,,,,,,,37,206,21,,,,,,,,,,,,,,,,,,,,,,,,,,,,,
5171,165928,31,A,B,99,13-Nov-2016,13:44:13,39.6600,-69.4060,,401677339,-135,,0,13-Nov-2016,13:44:13,,,,,,,,,,90,112,91,12,40,0,130,165,54,182,194,93,152,43,183,16,1,235,21,202,112,0,0,3,53,193,245,59,97,113,15,
5171,165928,3,P,B,100,14-Nov-2016,07:56:46,39.6310,-69.2880,,401677405,-124,,0,14-Nov-2016,07:56:47,,,,,,,,,,10,0,16,,,,,,,,,,,,,,,,,,,,,,,,,,,,,
5171,165928,3,R,B,101,14-Nov-2016,11:05:56,39.5590,-69.6760,,401677362,-135,8,0,14-Nov-2016,11:05:57,,,,,,,,,,47,115,22,,,,,,,,,,,,,,,,,,,,,,,,,,,,,
5171,165928,23,P,B,102,15-Nov-2016,07:37:25,39.3150,-70.4050,,401677361,-138,,0,15-Nov-2016,07:37:26,,,,,,,,,,83,240,90,12,40,2,130,165,55,158,80,177,251,226,134,164,70,242,49,27,55,38,76,,,,,,,,,
5171,165928,3,K,B,103,15-Nov-2016,13:12:26,39.4170,-70.1960,,401677355,-137,8,0,15-Nov-2016,13:12:26,,,,,,,,,,38,14,23,,,,,,,,,,,,,,,,,,,,,,,,,,,,,
5171,165928,3,B,B,104,15-Nov-2016,15:34:42,39.5120,-70.3030,,401677354,-132,8,0,15-Nov-2016,15:34:17,,,50,,,,,,,26,25,51,,,,,,,,,,,,,,,,,,,,,,,,,,,,,
5171,165928,3,B,B,104,15-Nov-2016,15:34:42,39.5120,-70.3030,,401677354,-132,8,0,15-Nov-2016,15:35:07,,,50,,,,,,,43,39,23,,,,,,,,,,,,,,,,,,,,,,,,,,,,,
5171,165928,3,P,B,105,15-Nov-2016,19:01:53,39.5190,-70.3720,,401677370,-128,8,0,15-Nov-2016,19:01:53,,,216,,,,,,,10,0,16,,,,,,,,,,,,,,,,,,,,,,,,,,,,,
5171,165928,3,P,B,105,15-Nov-2016,19:01:53,39.5190,-70.3720,,401677370,-128,8,0,15-Nov-2016,19:05:29,,,216,,,,,,,26,17,19,,,,,,,,,,,,,,,,,,,,,,,,,,,,,
5171,165928,23,K,B,106,15-Nov-2016,22:58:45,39.5170,-70.5200,,401677348,-129,8,0,15-Nov-2016,22:58:45,,,,,,,,,,95,144,90,12,42,106,158,181,148,33,99,175,105,167,65,124,93,115,96,86,112,148,162,,,,,,,,,
5171,165928,3,P,A,107,17-Nov-2016,07:20:58,39.1820,-71.3190,,401677362,-129,,0,17-Nov-2016,07:17:45,,,316,,,,,,,26,17,19,,,,,,,,,,,,,,,,,,,,,,,,,,,,,
5171,165928,3,P,A,107,17-Nov-2016,07:20:58,39.1820,-71.3190,,401677362,-129,,0,17-Nov-2016,07:22:11,,,316,,,,,,,10,0,16,,,,,,,,,,,,,,,,,,,,,,,,,,,,,
5171,165928,23,P,A,107,17-Nov-2016,07:20:58,39.1820,-71.3190,,401677362,-129,,0,17-Nov-2016,07:23:01,,,316,,,,,,,90,48,90,12,40,2,130,165,56,157,110,33,86,47,99,16,4,252,112,133,244,19,152,,,,,,,,,
5171,165928,3,R,A,108,17-Nov-2016,09:27:55,39.1460,-71.3520,,401677355,-135,8,0,17-Nov-2016,09:27:55,,,416,,,,,,,10,0,16,,,,,,,,,,,,,,,,,,,,,,,,,,,,,
5171,165928,3,R,A,108,17-Nov-2016,09:27:55,39.1460,-71.3520,,401677355,-135,8,0,17-Nov-2016,09:34:03,,,416,,,,,,,36,229,23,,,,,,,,,,,,,,,,,,,,,,,,,,,,,
5171,165928,3,R,A,108,17-Nov-2016,09:27:55,39.1460,-71.3520,,401677355,-135,8,0,17-Nov-2016,09:34:51,,,416,,,,,,,73,156,4,,,,,,,,,,,,,,,,,,,,,,,,,,,,,
5171,165928,3,R,A,109,17-Nov-2016,11:09:08,39.1190,-71.3830,,401677354,-130,8,0,17-Nov-2016,11:09:09,,,255,,,,,,,24,63,2,,,,,,,,,,,,,,,,,,,,,,,,,,,,,
5171,165928,3,R,A,109,17-Nov-2016,11:09:08,39.1190,-71.3830,,401677354,-130,8,0,17-Nov-2016,11:12:16,,,255,,,,,,,69,160,4,,,,,,,,,,,,,,,,,,,,,,,,,,,,,
5171,165928,3,R,A,109,17-Nov-2016,11:09:08,39.1190,-71.3830,,401677354,-130,8,0,17-Nov-2016,11:13:24,,,255,,,,,,,10,0,16,,,,,,,,,,,,,,,,,,,,,,,,,,,,,
5171,165928,3,N,A,110,17-Nov-2016,11:15:35,39.1080,-71.3770,,401677358,-127,6,0,17-Nov-2016,11:13:24,,,292,,,,,,,10,0,16,,,,,,,,,,,,,,,,,,,,,,,,,,,,,
5171,165928,3,N,A,110,17-Nov-2016,11:15:35,39.1080,-71.3770,,401677358,-127,6,0,17-Nov-2016,11:15:04,,,292,,,,,,,26,17,19,,,,,,,,,,,,,,,,,,,,,,,,,,,,,
5171,165928,23,N,A,110,17-Nov-2016,11:15:35,39.1080,-71.3770,,401677358,-127,6,0,17-Nov-2016,11:18:16,,,292,,,,,,,73,48,90,12,40,2,130,165,56,173,35,30,86,48,113,18,1,218,21,202,0,0,0,,,,,,,,,
5171,165928,3,R,B,111,17-Nov-2016,23:24:30,39.0590,-71.6420,,401677347,-129,,0,17-Nov-2016,23:24:31,,,,,,,,,,45,133,212,,,,,,,,,,,,,,,,,,,,,,,,,,,,,
5171,165928,3,K,B,112,17-Nov-2016,23:46:46,39.0600,-71.5150,,401677359,-132,6,0,17-Nov-2016,23:46:47,,,,,,,,,,33,193,24,,,,,,,,,,,,,,,,,,,,,,,,,,,,,
5171,165928,3,A,A,113,18-Nov-2016,01:17:23,39.0750,-71.6700,,401677359,-118,8,0,18-Nov-2016,01:17:01,,,350,,,,,,,10,0,20,,,,,,,,,,,,,,,,,,,,,,,,,,,,,
5171,165928,23,A,A,113,18-Nov-2016,01:17:23,39.0750,-71.6700,,401677359,-118,8,0,18-Nov-2016,01:17:45,,,350,,,,,,,72,208,98,96,47,25,107,22,217,72,71,51,137,131,120,95,226,20,213,44,53,249,68,,,,,,,,,
5171,165928,3,A,A,113,18-Nov-2016,01:17:23,39.0750,-71.6700,,401677359,-118,8,0,18-Nov-2016,01:22:51,,,350,,,,,,,26,17,19,,,,,,,,,,,,,,,,,,,,,,,,,,,,,
5171,165928,23,K,B,114,18-Nov-2016,10:26:53,39.0660,-72.0770,,401677345,-137,8,0,18-Nov-2016,10:26:53,,,,,,,,,,77,80,90,12,40,2,130,165,57,41,172,93,218,50,101,14,1,255,21,201,160,0,0,,,,,,,,,
5171,165928,3,B,B,115,18-Nov-2016,14:29:24,39.0350,-72.2350,,401677351,-131,8,0,18-Nov-2016,14:29:24,,,,,,,,,,10,0,16,,,,,,,,,,,,,,,,,,,,,,,,,,,,,
5171,165928,3,R,A,116,18-Nov-2016,22:53:06,38.9250,-72.2300,,401677361,-126,8,0,18-Nov-2016,22:51:47,,,147,,,,,,,40,172,25,,,,,,,,,,,,,,,,,,,,,,,,,,,,,
5171,165928,3,R,A,116,18-Nov-2016,22:53:06,38.9250,-72.2300,,401677361,-126,8,0,18-Nov-2016,22:53:19,,,147,,,,,,,10,0,16,,,,,,,,,,,,,,,,,,,,,,,,,,,,,
5171,165928,23,R,A,116,18-Nov-2016,22:53:06,38.9250,-72.2300,,401677361,-126,8,0,18-Nov-2016,22:54:14,,,147,,,,,,,67,16,90,12,40,2,130,165,57,91,98,93,20,51,95,18,1,255,21,199,112,0,0,,,,,,,,,
5171,165928,3,P,B,117,19-Nov-2016,08:37:05,38.8230,-72.3820,,401677318,-130,8,0,19-Nov-2016,08:36:43,,,45,,,,,,,42,86,26,,,,,,,,,,,,,,,,,,,,,,,,,,,,,
5171,165928,3,P,B,117,19-Nov-2016,08:37:05,38.8230,-72.3820,,401677318,-130,8,0,19-Nov-2016,08:37:28,,,45,,,,,,,65,132,25,,,,,,,,,,,,,,,,,,,,,,,,,,,,,
5171,165928,3,N,B,118,19-Nov-2016,22:17:27,38.8410,-72.3230,,401677345,-127,,0,19-Nov-2016,22:17:02,,,52,,,,,,,43,236,218,,,,,,,,,,,,,,,,,,,,,,,,,,,,,
5171,165928,3,N,B,118,19-Nov-2016,22:17:27,38.8410,-72.3230,,401677345,-127,,0,19-Nov-2016,22:17:54,,,52,,,,,,,65,148,4,,,,,,,,,,,,,,,,,,,,,,,,,,,,,
5171,165928,3,R,B,119,19-Nov-2016,22:17:53,38.8230,-72.4690,,401677364,-136,6,0,19-Nov-2016,22:17:54,,,,,,,,,,65,148,4,,,,,,,,,,,,,,,,,,,,,,,,,,,,,
5171,165928,3,P,A,120,20-Nov-2016,08:24:42,38.7460,-72.2040,,401677369,-126,8,0,20-Nov-2016,08:24:43,,,112,,,,,,,32,75,27,,,,,,,,,,,,,,,,,,,,,,,,,,,,,
5171,165928,3,P,A,120,20-Nov-2016,08:24:42,38.7460,-72.2040,,401677369,-126,8,0,20-Nov-2016,08:25:47,,,112,,,,,,,78,151,4,,,,,,,,,,,,,,,,,,,,,,,,,,,,,
5171,165928,3,P,A,120,20-Nov-2016,08:24:42,38.7460,-72.2040,,401677369,-126,8,0,20-Nov-2016,08:26:35,,,112,,,,,,,10,0,16,,,,,,,,,,,,,,,,,,,,,,,,,,,,,
5171,165928,3,N,B,121,20-Nov-2016,22:07:36,38.5330,-72.3340,,401677350,-128,,0,20-Nov-2016,22:07:36,,,,,,,,,,10,0,16,,,,,,,,,,,,,,,,,,,,,,,,,,,,,
5171,165928,23,K,B,122,20-Nov-2016,22:28:33,38.5730,-72.2020,,401677303,-127,6,0,20-Nov-2016,22:28:34,,,,,,,,,,81,48,90,12,40,2,130,165,58,89,199,99,26,55,151,16,1,255,21,201,32,0,0,,,,,,,,,
5171,165928,23,R,A,123,20-Nov-2016,23:29:02,38.5320,-71.7940,,401677357,-131,50,0,20-Nov-2016,23:26:57,,,331,,,,,,,74,240,90,12,40,2,130,165,58,93,173,25,22,119,234,214,139,185,67,100,20,241,116,,,,,,,,,
5171,165928,3,R,A,123,20-Nov-2016,23:29:02,38.5320,-71.7940,,401677357,-131,50,0,20-Nov-2016,23:27:45,,,331,,,,,,,26,17,19,,,,,,,,,,,,,,,,,,,,,,,,,,,,,
5171,165928,3,R,A,123,20-Nov-2016,23:29:02,38.5320,-71.7940,,401677357,-131,50,0,20-Nov-2016,23:32:28,,,331,,,,,,,35,250,27,,,,,,,,,,,,,,,,,,,,,,,,,,,,,
5171,165928,3,N,B,124,20-Nov-2016,23:52:46,38.5330,-71.7940,,401677360,-133,6,0,20-Nov-2016,23:52:47,,,,,,,,,,34,19,28,,,,,,,,,,,,,,,,,,,,,,,,,,,,,
5171,165928,3,K,A,125,21-Nov-2016,22:07:41,37.8960,-71.6660,,401677365,-125,1,0,21-Nov-2016,22:06:22,,,190,,,,,,,10,0,16,,,,,,,,,,,,,,,,,,,,,,,,,,,,,
5171,165928,23,K,A,125,21-Nov-2016,22:07:41,37.8960,-71.6660,,401677365,-125,1,0,21-Nov-2016,22:07:10,,,190,,,,,,,73,176,90,12,40,2,130,165,58,216,113,93,144,57,49,20,1,248,21,206,32,0,0,,,,,,,,,
5171,165928,3,K,A,125,21-Nov-2016,22:07:41,37.8960,-71.6660,,401677365,-125,1,0,21-Nov-2016,22:09:32,,,190,,,,,,,64,222,4,,,,,,,,,,,,,,,,,,,,,,,,,,,,,
5171,165928,3,K,B,126,21-Nov-2016,23:44:42,37.8850,-71.6640,,401677342,-137,8,0,21-Nov-2016,23:44:42,,,,,,,,,,26,17,19,,,,,,,,,,,,,,,,,,,,,,,,,,,,,
5171,165928,3,A,A,127,21-Nov-2016,23:57:09,37.9730,-71.5740,,401677320,-133,8,0,21-Nov-2016,23:55:56,,,132,,,,,,,10,0,16,,,,,,,,,,,,,,,,,,,,,,,,,,,,,
5171,165928,3,A,A,127,21-Nov-2016,23:57:09,37.9730,-71.5740,,401677320,-133,8,0,21-Nov-2016,23:57:24,,,132,,,,,,,30,17,19,,,,,,,,,,,,,,,,,,,,,,,,,,,,,
5171,165928,3,A,A,127,21-Nov-2016,23:57:09,37.9730,-71.5740,,401677320,-133,8,0,21-Nov-2016,23:58:08,,,132,,,,,,,45,209,28,,,,,,,,,,,,,,,,,,,,,,,,,,,,,
5171,165928,3,A,B,128,22-Nov-2016,01:40:20,37.9840,-71.5430,,401677335,-135,8,0,22-Nov-2016,01:40:21,,,,,,,,,,10,21,0,,,,,,,,,,,,,,,,,,,,,,,,,,,,,
5171,165928,3,K,B,129,22-Nov-2016,23:17:35,38.0890,-71.1310,,401677326,-135,,0,22-Nov-2016,23:17:35,,,,,,,,,,10,0,16,,,,,,,,,,,,,,,,,,,,,,,,,,,,,
5171,165928,3,A,2,130,23-Nov-2016,01:08:40,38.2250,-70.7500,,401677357,-125,57,0,23-Nov-2016,01:08:41,,,512,,,,,,,36,243,29,,,,,,,,,,,,,,,,,,,,,,,,,,,,,
5171,165928,23,A,2,130,23-Nov-2016,01:08:40,38.2250,-70.7500,,401677357,-125,57,0,23-Nov-2016,01:10:55,,,512,,,,,,,76,112,90,12,40,2,130,165,59,132,172,158,86,59,237,16,1,127,20,200,240,0,0,,,,,,,,,
5171,165928,3,A,2,130,23-Nov-2016,01:08:40,38.2250,-70.7500,,401677357,-125,57,0,23-Nov-2016,01:13:12,,,512,,,,,,,67,143,4,,,,,,,,,,,,,,,,,,,,,,,,,,,,,
5171,165928,23,A,2,130,23-Nov-2016,01:08:40,38.2250,-70.7500,,401677357,-125,57,0,23-Nov-2016,01:14:43,,,512,,,,,,,66,240,90,12,40,2,130,165,59,132,233,157,214,59,247,18,1,91,20,200,240,0,0,,,,,,,,,
5171,165928,3,A,2,130,23-Nov-2016,01:08:40,38.2250,-70.7500,,401677357,-125,57,0,23-Nov-2016,01:16:28,,,512,,,,,,,34,253,29,,,,,,,,,,,,,,,,,,,,,,,,,,,,,
5171,165928,3,A,2,130,23-Nov-2016,01:08:40,38.2250,-70.7500,,401677357,-125,57,0,23-Nov-2016,01:17:13,,,512,,,,,,,70,143,4,,,,,,,,,,,,,,,,,,,,,,,,,,,,,
5171,165928,3,B,B,131,23-Nov-2016,02:11:07,38.2650,-70.6490,,401677342,-132,8,0,23-Nov-2016,02:11:07,,,,,,,,,,90,3,19,,,,,,,,,,,,,,,,,,,,,,,,,,,,,
5171,165928,3,A,B,132,23-Nov-2016,02:56:47,38.2540,-70.6770,,401677346,-133,8,0,23-Nov-2016,02:56:48,,,,,,,,,,26,17,19,,,,,,,,,,,,,,,,,,,,,,,,,,,,,
5171,165928,3,A, ,133,26-Nov-2016,14:15:50,,,,,,,0,26-Nov-2016,14:15:50,,,,,,,,,,68,149,4,,,,,,,,,,,,,,,,,,,,,,,,,,,,,
5171,165928,3,R,1,134,26-Nov-2016,22:06:05,37.9800,-69.3300,,401677366,-133,40,0,26-Nov-2016,22:02:56,,,213,,,,,,,26,17,16,,,,,,,,,,,,,,,,,,,,,,,,,,,,,
5171,165928,3,R,1,134,26-Nov-2016,22:06:05,37.9800,-69.3300,,401677366,-133,40,1,26-Nov-2016,22:05:42,,,213,,,,,,,10,0,16,,,,,,,,,,,,,,,,,,,,,,,,,,,,,
5171,165928,23,R,1,134,26-Nov-2016,22:06:05,37.9800,-69.3300,,401677366,-133,40,0,26-Nov-2016,22:06:29,,,213,,,,,,,68,211,67,103,92,66,241,91,113,27,78,47,226,217,174,40,159,193,159,148,139,240,221,,,,,,,,,
5171,165928,23,A,B,135,27-Nov-2016,01:32:07,37.9200,-69.3070,,401677343,-122,8,0,27-Nov-2016,01:31:37,,,61,,,,,,,87,16,90,12,9,7,150,65,71,167,133,179,22,224,240,174,121,142,19,206,76,152,25,,,,,,,,,
5171,165928,3,A,B,135,27-Nov-2016,01:32:07,37.9200,-69.3070,,401677343,-122,8,0,27-Nov-2016,01:32:38,,,61,,,,,,,26,17,19,,,,,,,,,,,,,,,,,,,,,,,,,,,,,
5171,165928,3,A,B,136,27-Nov-2016,03:10:27,37.9440,-69.1890,,401677339,-133,8,0,27-Nov-2016,03:10:27,,,,,,,,,,41,174,10,,,,,,,,,,,,,,,,,,,,,,,,,,,,,
5171,165928,3,P,B,137,27-Nov-2016,07:05:36,37.8720,-69.2700,,401677368,-135,8,0,27-Nov-2016,07:05:37,,,,,,,,,,64,161,4,,,,,,,,,,,,,,,,,,,,,,,,,,,,,
5171,165928,23,P,B,138,27-Nov-2016,20:08:41,37.8280,-68.8520,,401677300,-134,,0,27-Nov-2016,20:08:42,,,410,,,,,,,76,144,90,12,40,2,128,229,61,208,25,105,95,87,118,230,163,159,232,55,224,127,192,,,,,,,,,
5171,165928,3,P,B,138,27-Nov-2016,20:08:41,37.8280,-68.8520,,401677300,-134,,0,27-Nov-2016,20:15:32,,,410,,,,,,,70,159,4,,,,,,,,,,,,,,,,,,,,,,,,,,,,,
5171,165928,3,P,B,139,28-Nov-2016,06:58:01,37.7080,-68.8770,,401677342,-132,8,0,28-Nov-2016,06:58:01,,,,,,,,,,10,0,16,,,,,,,,,,,,,,,,,,,,,,,,,,,,,
5171,165928,3,R,B,140,28-Nov-2016,10:27:08,37.3170,-68.5130,,401677287,-124,8,0,28-Nov-2016,10:27:08,,,,,,,,,,26,17,19,,,,,,,,,,,,,,,,,,,,,,,,,,,,,
5171,165928,3,N,B,141,28-Nov-2016,10:51:14,37.3100,-68.0070,,401677354,-130,6,0,28-Nov-2016,10:50:26,,,96,,,,,,,34,24,33,,,,,,,,,,,,,,,,,,,,,,,,,,,,,
5171,165928,3,N,B,141,28-Nov-2016,10:51:14,37.3100,-68.0070,,401677354,-130,6,0,28-Nov-2016,10:52:02,,,96,,,,,,,10,0,16,,,,,,,,,,,,,,,,,,,,,,,,,,,,,
5171,165928,3,R, ,142,29-Nov-2016,22:10:18,,,,,,,0,29-Nov-2016,22:10:18,,,,,,,,,,47,48,34,,,,,,,,,,,,,,,,,,,,,,,,,,,,,
5171,165928,23,P,1,143,30-Nov-2016,08:08:03,37.6380,-67.6830,,401677357,-133,40,0,30-Nov-2016,08:09:35,,,379,,,,,,,95,112,90,12,40,2,130,165,63,32,151,158,82,69,217,22,1,252,28,175,72,144,67,,,,,,,,,
5171,165928,3,P,1,143,30-Nov-2016,08:08:03,37.6380,-67.6830,,401677357,-133,40,1,30-Nov-2016,08:10:20,,,379,,,,,,,26,17,19,,,,,,,,,,,,,,,,,,,,,,,,,,,,,
5171,165928,3,P,1,143,30-Nov-2016,08:08:03,37.6380,-67.6830,,401677357,-133,40,0,30-Nov-2016,08:11:51,,,379,,,,,,,75,166,4,,,,,,,,,,,,,,,,,,,,,,,,,,,,,
5171,165928,3,P,1,143,30-Nov-2016,08:08:03,37.6380,-67.6830,,401677357,-133,40,0,30-Nov-2016,08:15:54,,,379,,,,,,,68,165,4,,,,,,,,,,,,,,,,,,,,,,,,,,,,,
5171,165928,3,B,B,144,01-Dec-2016,01:03:35,37.5380,-67.5970,,401677343,-135,,0,01-Dec-2016,01:03:35,,,,,,,,,,37,147,35,,,,,,,,,,,,,,,,,,,,,,,,,,,,,
5171,165928,3,A,B,145,01-Dec-2016,01:43:27,37.5180,-67.5660,,401677359,-129,6,0,01-Dec-2016,01:43:28,,,,,,,,,,34,152,35,,,,,,,,,,,,,,,,,,,,,,,,,,,,,
5171,165928,3,P,B,146,01-Dec-2016,06:18:36,37.4460,-67.3880,,401677348,-133,8,0,01-Dec-2016,06:18:37,,,,,,,,,,26,17,19,,,,,,,,,,,,,,,,,,,,,,,,,,,,,
5171,165928,3,R, ,147,02-Dec-2016,22:18:32,,,,,,,0,02-Dec-2016,22:18:32,,,,,,,,,,26,17,19,,,,,,,,,,,,,,,,,,,,,,,,,,,,,
5171,165928,3,K, ,148,02-Dec-2016,22:28:41,,,,,,,0,02-Dec-2016,22:28:41,,,,,,,,,,68,149,4,,,,,,,,,,,,,,,,,,,,,,,,,,,,,
5171,165928,3,P,B,149,04-Dec-2016,07:22:33,38.6600,-63.4910,,401677357,-129,,0,04-Dec-2016,07:22:34,,,203,,,,,,,36,84,38,,,,,,,,,,,,,,,,,,,,,,,,,,,,,
5171,165928,3,P,B,149,04-Dec-2016,07:22:33,38.6600,-63.4910,,401677357,-129,,0,04-Dec-2016,07:25:57,,,203,,,,,,,26,17,19,,,,,,,,,,,,,,,,,,,,,,,,,,,,,
5171,165928,3,R,A,150,04-Dec-2016,08:58:19,38.6550,-63.4360,,401677362,-128,8,0,04-Dec-2016,09:01:47,,,48,,,,,,,43,134,38,,,,,,,,,,,,,,,,,,,,,,,,,,,,,
5171,165928,3,R,A,150,04-Dec-2016,08:58:19,38.6550,-63.4360,,401677362,-128,8,1,04-Dec-2016,09:02:35,,,48,,,,,,,71,245,4,,,,,,,,,,,,,,,,,,,,,,,,,,,,,
5171,165928,3,B,B,151,05-Dec-2016,01:21:25,38.5130,-63.2400,,401677331,-132,,0,05-Dec-2016,01:21:26,,,,,,,,,,41,184,38,,,,,,,,,,,,,,,,,,,,,,,,,,,,,
5171,165928,3,A,A,152,05-Dec-2016,02:05:20,38.4740,-62.9880,,401677356,-119,6,0,05-Dec-2016,02:04:00,,,144,,,,,,,75,127,248,,,,,,,,,,,,,,,,,,,,,,,,,,,,,
5171,165928,23,A,A,152,05-Dec-2016,02:05:20,38.4740,-62.9880,,401677356,-119,6,0,05-Dec-2016,02:05:39,,,144,,,,,,,91,16,90,12,40,2,130,165,50,136,88,89,86,77,179,16,1,239,19,207,144,0,0,,,,,,,,,
5171,165928,3,A,A,152,05-Dec-2016,02:05:20,38.4740,-62.9880,,401677356,-119,6,0,05-Dec-2016,02:06:24,,,144,,,,,,,26,17,19,,,,,,,,,,,,,,,,,,,,,,,,,,,,,
5171,165928,3,P,A,153,05-Dec-2016,07:15:40,38.4050,-62.8460,,401677360,-126,8,0,05-Dec-2016,07:13:31,,,292,,,,,,,26,17,19,,,,,,,,,,,,,,,,,,,,,,,,,,,,,
5171,165928,3,P,A,153,05-Dec-2016,07:15:40,38.4050,-62.8460,,401677360,-126,8,0,05-Dec-2016,07:15:09,,,292,,,,,,,69,239,4,,,,,,,,,,,,,,,,,,,,,,,,,,,,,
5171,165928,3,P,A,153,05-Dec-2016,07:15:40,38.4050,-62.8460,,401677360,-126,8,0,05-Dec-2016,07:18:23,,,292,,,,,,,35,63,39,,,,,,,,,,,,,,,,,,,,,,,,,,,,,
5171,165928,3,P, ,154,06-Dec-2016,08:47:46,,,,,,,0,06-Dec-2016,08:47:46,,,,,,,,,,10,0,16,,,,,,,,,,,,,,,,,,,,,,,,,,,,,
5171,165928,23,P, ,155,09-Dec-2016,08:14:50,,,,,,,0,09-Dec-2016,08:14:50,,,,,,,,,,86,188,90,12,40,2,130,165,52,160,235,29,22,83,205,16,1,205,27,205,176,132,1,,,,,,,,,
5171,165928,3,R, ,156,09-Dec-2016,09:40:36,,,,,-125,31,0,09-Dec-2016,09:40:36,,,146,,,,,,,26,17,19,,,,,,,,,,,,,,,,,,,,,,,,,,,,,
5171,165928,3,R, ,156,09-Dec-2016,09:40:36,,,,,-125,31,0,09-Dec-2016,09:43:02,,,146,,,,,,,10,0,16,,,,,,,,,,,,,,,,,,,,,,,,,,,,,
5171,165928,3,N, ,157,09-Dec-2016,10:28:14,,,,,,,0,09-Dec-2016,10:28:14,,,,,,,,,,72,214,4,,,,,,,,,,,,,,,,,,,,,,,,,,,,,
5171,165928,3,N,B,158,09-Dec-2016,12:04:35,35.6560,-62.0150,,401677357,-132,,0,09-Dec-2016,12:04:04,,,64,,,,,,,10,0,16,,,,,,,,,,,,,,,,,,,,,,,,,,,,,
5171,165928,23,N,B,158,09-Dec-2016,12:04:35,35.6560,-62.0150,,401677357,-132,,0,09-Dec-2016,12:05:08,,,64,,,,,,,74,144,90,12,40,214,130,173,52,131,143,234,130,85,246,140,162,115,99,48,248,43,46,,,,,,,,,
5171,165928,3,P,B,159,10-Dec-2016,06:18:44,35.2110,-62.0710,,401677431,-134,,0,10-Dec-2016,06:18:45,,,,,,,,,,26,17,19,,,,,,,,,,,,,,,,,,,,,,,,,,,,,
5171,165928,3,P,B,160,10-Dec-2016,07:57:20,35.1310,-61.8960,,401677425,-125,1,0,10-Dec-2016,07:57:20,,,233,,,,,,,26,21,23,,,,,,,,,,,,,,,,,,,,,,,,,,,,,
5171,165928,3,P,B,160,10-Dec-2016,07:57:20,35.1310,-61.8960,,401677425,-125,1,0,10-Dec-2016,08:01:13,,,233,,,,,,,26,17,19,,,,,,,,,,,,,,,,,,,,,,,,,,,,,
5171,165928,3,R,B,161,10-Dec-2016,09:10:55,34.9860,-62.0030,,401677365,-124,8,0,10-Dec-2016,09:10:56,,,202,,,,,,,63,62,8,,,,,,,,,,,,,,,,,,,,,,,,,,,,,
5171,165928,3,R,B,161,10-Dec-2016,09:10:55,34.9860,-62.0030,,401677365,-124,8,0,10-Dec-2016,09:14:18,,,202,,,,,,,250,16,19,,,,,,,,,,,,,,,,,,,,,,,,,,,,,
5171,165928,23,R,B,162,10-Dec-2016,23:05:41,34.4310,-61.9310,,401677327,-136,,0,10-Dec-2016,23:05:42,,,,,,,,,,94,80,94,12,40,2,130,177,213,92,217,24,82,147,175,16,5,238,252,118,144,123,217,,,,,,,,,
5171,165928,3,R,B,163,11-Dec-2016,08:42:29,34.6810,-62.1760,,401677400,-138,8,0,11-Dec-2016,08:42:29,,,,,,,,,,10,0,16,,,,,,,,,,,,,,,,,,,,,,,,,,,,,
5171,165928,3,K,1,164,11-Dec-2016,10:47:37,34.4560,-62.7130,,401677361,-125,58,0,11-Dec-2016,10:46:22,,,342,,,,,,,10,0,24,,,,,,,,,,,,,,,,,,,,,,,,,,,,,
5171,165928,3,K,1,164,11-Dec-2016,10:47:37,34.4560,-62.7130,,401677361,-125,58,0,11-Dec-2016,10:48:52,,,342,,,,,,,35,75,42,,,,,,,,,,,,,,,,,,,,,,,,,,,,,
5171,165928,3,K,1,164,11-Dec-2016,10:47:37,34.4560,-62.7130,,401677361,-125,58,0,11-Dec-2016,10:50:24,,,342,,,,,,,10,0,16,,,,,,,,,,,,,,,,,,,,,,,,,,,,,
5171,165928,3,K,1,164,11-Dec-2016,10:47:37,34.4560,-62.7130,,401677361,-125,58,0,11-Dec-2016,10:52:04,,,342,,,,,,,26,17,19,,,,,,,,,,,,,,,,,,,,,,,,,,,,,
5171,165928,3,A,0,165,11-Dec-2016,13:59:17,34.3730,-62.8380,,401677366,-126,58,0,11-Dec-2016,13:59:35,,,154,,,,,,,79,221,4,,,,,,,,,,,,,,,,,,,,,,,,,,,,,
5171,165928,3,A,0,165,11-Dec-2016,13:59:17,34.3730,-62.8380,,401677366,-126,58,0,11-Dec-2016,14:00:27,,,154,,,,,,,10,0,16,,,,,,,,,,,,,,,,,,,,,,,,,,,,,
5171,165928,3,A,0,165,11-Dec-2016,13:59:17,34.3730,-62.8380,,401677366,-126,58,1,11-Dec-2016,14:02:09,,,154,,,,,,,26,17,19,,,,,,,,,,,,,,,,,,,,,,,,,,,,,
5171,165928,3,A, ,166,14-Dec-2016,02:14:38,,,,,,,0,14-Dec-2016,02:14:38,,,,,,,,,,10,0,16,,,,,,,,,,,,,,,,,,,,,,,,,,,,,
5171,165928,3,R, ,167,14-Dec-2016,08:51:15,,,,,,,0,14-Dec-2016,08:51:15,,,,,,,,,,26,17,19,,,,,,,,,,,,,,,,,,,,,,,,,,,,,
5171,165928,3,P, ,168,21-Dec-2016,07:37:18,,,,,,,0,21-Dec-2016,07:37:18,,,,,,,,,,71,197,4,,,,,,,,,,,,,,,,,,,,,,,,,,,,,
5171,165928,3,A, ,169,22-Dec-2016,01:09:39,,,,,,,0,22-Dec-2016,01:09:39,,,,,,,,,,10,0,16,,,,,,,,,,,,,,,,,,,,,,,,,,,,,
5171,165928,23,K, ,170,23-Dec-2016,23:46:10,,,,,,,0,23-Dec-2016,23:46:10,,,,,,,,,,68,208,90,12,40,2,130,165,59,222,225,25,150,90,251,16,1,161,19,205,80,0,0,,,,,,,,,
5171,165928,3,A,B,171,24-Dec-2016,00:31:01,31.6440,-68.2470,,401677361,-133,,0,24-Dec-2016,00:29:09,,,224,,,,,,,32,184,45,,,,,,,,,,,,,,,,,,,,,,,,,,,,,
5171,165928,3,A,B,171,24-Dec-2016,00:31:01,31.6440,-68.2470,,401677361,-133,,0,24-Dec-2016,00:32:53,,,224,,,,,,,26,17,19,,,,,,,,,,,,,,,,,,,,,,,,,,,,,
5171,165928,3,A,B,172,25-Dec-2016,01:51:21,31.3450,-68.0600,,401677245,-125,,0,25-Dec-2016,01:49:53,,,177,,,,,,,37,121,46,,,,,,,,,,,,,,,,,,,,,,,,,,,,,
5171,165928,3,A,B,172,25-Dec-2016,01:51:21,31.3450,-68.0600,,401677245,-125,,0,25-Dec-2016,01:52:50,,,177,,,,,,,10,0,16,,,,,,,,,,,,,,,,,,,,,,,,,,,,,
5171,165928,3,A,A,173,26-Dec-2016,01:25:58,32.7830,-61.2310,,401677361,-127,40,0,26-Dec-2016,01:25:59,,,338,,,,,,,76,226,4,,,,,,,,,,,,,,,,,,,,,,,,,,,,,
5171,165928,3,A,A,173,26-Dec-2016,01:25:58,32.7830,-61.2310,,401677361,-127,40,0,26-Dec-2016,01:29:46,,,338,,,,,,,41,251,46,,,,,,,,,,,,,,,,,,,,,,,,,,,,,
5171,165928,3,A,A,173,26-Dec-2016,01:25:58,32.7830,-61.2310,,401677361,-127,40,0,26-Dec-2016,01:31:37,,,338,,,,,,,10,0,16,,,,,,,,,,,,,,,,,,,,,,,,,,,,,
5171,165928,3,K,B,174,26-Dec-2016,22:26:27,31.0730,-69.9930,,401677431,-135,,0,26-Dec-2016,22:26:27,,,,,,,,,,154,17,19,,,,,,,,,,,,,,,,,,,,,,,,,,,,,
5171,165928,23,A,B,175,27-Dec-2016,01:10:32,31.2950,-70.3840,,401677474,-129,7,0,27-Dec-2016,01:10:32,,,,,,,,,,70,16,90,12,40,2,130,165,61,132,166,157,152,97,49,18,1,218,19,205,48,0,0,,,,,,,,,
5171,165928,3,B,B,176,27-Dec-2016,02:01:16,31.2880,-70.4760,,401677412,-133,8,0,27-Dec-2016,02:01:17,,,,,,,,,,43,166,18,,,,,,,,,,,,,,,,,,,,,,,,,,,,,
5171,165928,3,R, ,177,29-Dec-2016,23:14:30,,,,,,,0,29-Dec-2016,23:14:30,,,,,,,,,,43,53,49,,,,,,,,,,,,,,,,,,,,,,,,,,,,,
5171,165928,23,A, ,178,01-Jan-2017,15:08:46,,,,,,,0,01-Jan-2017,15:08:46,,,,,,,,,,93,144,90,12,40,2,130,165,48,188,137,224,142,100,17,16,125,134,252,185,159,255,241,,,,,,,,,
,,,,,,,,,,,,,,,,,,,,,,,,,,,,,,,,,,,,,,,,,,,,,,,,,,,,,,,,,
5171,165928,,,B,DI,26-Oct-2016,00:58:06,41.5130,-67.0450,,401677351,-131,8,,,,41.5130,-67.0450,,,,,,,,,,,,,,,,,,,,,,,,,,,,,,,,,,,,,,,
5171,165928,,,B,DI,26-Oct-2016,01:46:10,41.5100,-67.0410,,401677348,-134,8,,,,41.5100,-67.0410,,,,,,,,,,,,,,,,,,,,,,,,,,,,,,,,,,,,,,,
5171,165928,,,B,DI,26-Oct-2016,10:29:01,41.4310,-66.8810,,401677381,-129,8,,,,41.4310,-66.8810,130,,,,,,,,,,,,,,,,,,,,,,,,,,,,,,,,,,,,,,
5171,165928,,,A,DI,26-Oct-2016,21:54:05,41.4070,-67.6850,,401677344,-127,8,,,,41.4070,-67.6850,220,,,,,,,,,,,,,,,,,,,,,,,,,,,,,,,,,,,,,,
5171,165928,,,B,DI,26-Oct-2016,22:50:04,41.4000,-67.6920,,401677350,-133,8,,,,41.4000,-67.6920,,,,,,,,,,,,,,,,,,,,,,,,,,,,,,,,,,,,,,,
5171,165928,,,2,DI,26-Oct-2016,23:07:13,41.4230,-67.7220,,401677346,-125,56,,,,41.4230,-67.7220,310,,,,,,,,,,,,,,,,,,,,,,,,,,,,,,,,,,,,,,
5171,165928,,,2,DI,27-Oct-2016,00:35:56,41.4240,-67.7290,,401677350,-122,58,,,,41.4240,-67.7290,242,,,,,,,,,,,,,,,,,,,,,,,,,,,,,,,,,,,,,,
5171,165928,,,B,DI,27-Oct-2016,00:46:52,41.4240,-67.7290,,401677351,-138,6,,,,41.4240,-67.7290,,,,,,,,,,,,,,,,,,,,,,,,,,,,,,,,,,,,,,,
5171,165928,,,2,DI,27-Oct-2016,02:07:51,41.3760,-67.7290,,401677348,-122,58,,,,41.3760,-67.7290,481,,,,,,,,,,,,,,,,,,,,,,,,,,,,,,,,,,,,,,
5171,165928,,,B,DI,27-Oct-2016,21:47:26,41.1410,-67.8930,,401677360,-135,,,,,41.1410,-67.8930,,,,,,,,,,,,,,,,,,,,,,,,,,,,,,,,,,,,,,,
5171,165928,,,1,DI,27-Oct-2016,22:25:18,41.2690,-67.8240,,401677348,-125,48,,,,41.2690,-67.8240,430,,,,,,,,,,,,,,,,,,,,,,,,,,,,,,,,,,,,,,
5171,165928,,,A,DI,27-Oct-2016,22:37:13,41.2770,-67.8460,,401677349,-129,6,,,,41.2770,-67.8460,393,,,,,,,,,,,,,,,,,,,,,,,,,,,,,,,,,,,,,,
5171,165928,,,3,DI,27-Oct-2016,23:22:54,41.3070,-67.8830,,401677348,-131,58,,,,41.3070,-67.8830,498,,,,,,,,,,,,,,,,,,,,,,,,,,,,,,,,,,,,,,
5171,165928,,,B,DI,28-Oct-2016,01:47:49,41.3690,-67.8690,,401677355,-125,8,,,,41.3690,-67.8690,90,,,,,,,,,,,,,,,,,,,,,,,,,,,,,,,,,,,,,,
5171,165928,,,B,DI,28-Oct-2016,02:43:36,41.3350,-67.9190,,401677356,-135,8,,,,41.3350,-67.9190,48,,,,,,,,,,,,,,,,,,,,,,,,,,,,,,,,,,,,,,
5171,165928,,,B,DI,28-Oct-2016,03:33:16,41.3330,-67.9930,,401677343,-133,8,,,,41.3330,-67.9930,44,,,,,,,,,,,,,,,,,,,,,,,,,,,,,,,,,,,,,,
5171,165928,,,1,DI,28-Oct-2016,21:32:04,41.5210,-68.4290,,401677345,-130,40,,,,41.5210,-68.4290,536,,,,,,,,,,,,,,,,,,,,,,,,,,,,,,,,,,,,,,
5171,165928,,,A,DI,28-Oct-2016,23:46:43,41.5910,-68.4420,,401677337,-123,8,,,,41.5910,-68.4420,269,,,,,,,,,,,,,,,,,,,,,,,,,,,,,,,,,,,,,,
5171,165928,,,B,DI,28-Oct-2016,23:48:28,41.5940,-68.4440,,401677348,-133,6,,,,41.5940,-68.4440,88,,,,,,,,,,,,,,,,,,,,,,,,,,,,,,,,,,,,,,
5171,165928,,,1,DI,28-Oct-2016,23:49:57,41.5930,-68.4380,,401677350,-132,56,,,,41.5930,-68.4380,240,,,,,,,,,,,,,,,,,,,,,,,,,,,,,,,,,,,,,,
5171,165928,,,B,DI,29-Oct-2016,05:51:09,41.6240,-68.5640,,401677400,-139,8,,,,41.6240,-68.5640,,,,,,,,,,,,,,,,,,,,,,,,,,,,,,,,,,,,,,,
5171,165928,,,1,DI,29-Oct-2016,07:30:40,41.4650,-68.2380,,401677345,-126,58,,,,41.4650,-68.2380,292,,,,,,,,,,,,,,,,,,,,,,,,,,,,,,,,,,,,,,
5171,165928,,,B,DI,29-Oct-2016,21:42:32,41.3060,-67.8760,,401677364,-127,,,,,41.3060,-67.8760,46,,,,,,,,,,,,,,,,,,,,,,,,,,,,,,,,,,,,,,
5171,165928,,,1,DI,29-Oct-2016,22:57:11,41.2520,-68.0030,,401677349,-128,48,,,,41.2520,-68.0030,602,,,,,,,,,,,,,,,,,,,,,,,,,,,,,,,,,,,,,,
5171,165928,,,B,DI,29-Oct-2016,23:15:01,41.2480,-68.0060,,401677340,-129,6,,,,41.2480,-68.0060,45,,,,,,,,,,,,,,,,,,,,,,,,,,,,,,,,,,,,,,
5171,165928,,,A,DI,30-Oct-2016,01:07:52,41.2820,-67.9950,,401677348,-119,8,,,,41.2820,-67.9950,372,,,,,,,,,,,,,,,,,,,,,,,,,,,,,,,,,,,,,,
5171,165928,,,B,DI,30-Oct-2016,02:54:14,41.2550,-67.9900,,401677370,-133,7,,,,41.2550,-67.9900,49,,,,,,,,,,,,,,,,,,,,,,,,,,,,,,,,,,,,,,
5171,165928,,,B,DI,30-Oct-2016,09:56:32,41.1840,-68.0000,,401677364,-135,8,,,,41.1840,-68.0000,,,,,,,,,,,,,,,,,,,,,,,,,,,,,,,,,,,,,,,
5171,165928,,,B,DI,30-Oct-2016,10:36:26,41.1870,-68.0070,,401677362,-133,8,,,,41.1870,-68.0070,44,,,,,,,,,,,,,,,,,,,,,,,,,,,,,,,,,,,,,,
5171,165928,,,1,DI,30-Oct-2016,21:10:54,40.8510,-67.6500,,401677348,-131,58,,,,40.8510,-67.6500,334,,,,,,,,,,,,,,,,,,,,,,,,,,,,,,,,,,,,,,
5171,165928,,,2,DI,30-Oct-2016,21:14:47,40.8540,-67.6450,,401677348,-125,56,,,,40.8540,-67.6450,509,,,,,,,,,,,,,,,,,,,,,,,,,,,,,,,,,,,,,,
5171,165928,,,B,DI,30-Oct-2016,22:49:15,40.8240,-67.6330,,401677351,-133,8,,,,40.8240,-67.6330,,,,,,,,,,,,,,,,,,,,,,,,,,,,,,,,,,,,,,,
5171,165928,,,B,DI,31-Oct-2016,08:22:44,40.6230,-67.5390,,401677339,-137,8,,,,40.6230,-67.5390,,,,,,,,,,,,,,,,,,,,,,,,,,,,,,,,,,,,,,,
5171,165928,,,B,DI,31-Oct-2016,08:49:24,40.6070,-67.5250,,401677346,-135,6,,,,40.6070,-67.5250,369,,,,,,,,,,,,,,,,,,,,,,,,,,,,,,,,,,,,,,
5171,165928,,,1,DI,31-Oct-2016,11:07:58,40.5360,-67.5330,,401677341,-126,58,,,,40.5360,-67.5330,688,,,,,,,,,,,,,,,,,,,,,,,,,,,,,,,,,,,,,,
5171,165928,,,B,DI,31-Oct-2016,11:11:39,40.5340,-67.5270,,401677340,-132,6,,,,40.5340,-67.5270,442,,,,,,,,,,,,,,,,,,,,,,,,,,,,,,,,,,,,,,
5171,165928,,,B,DI,31-Oct-2016,11:41:58,40.5240,-67.5270,,401677341,-140,8,,,,40.5240,-67.5270,,,,,,,,,,,,,,,,,,,,,,,,,,,,,,,,,,,,,,,
5171,165928,,,B,DI,31-Oct-2016,18:33:56,40.3740,-67.4930,,401677356,-125,8,,,,40.3740,-67.4930,44,,,,,,,,,,,,,,,,,,,,,,,,,,,,,,,,,,,,,,
5171,165928,,,B,DI,01-Nov-2016,07:03:56,40.1650,-67.2460,,401677329,-130,,,,,40.1650,-67.2460,180,,,,,,,,,,,,,,,,,,,,,,,,,,,,,,,,,,,,,,
5171,165928,,,B,DI,01-Nov-2016,13:39:13,40.2130,-67.2440,,401677339,-135,8,,,,40.2130,-67.2440,,,,,,,,,,,,,,,,,,,,,,,,,,,,,,,,,,,,,,,
5171,165928,,,0,DI,01-Nov-2016,14:31:06,40.2540,-67.0580,,401677351,-120,58,,,,40.2540,-67.0580,517,,,,,,,,,,,,,,,,,,,,,,,,,,,,,,,,,,,,,,
5171,165928,,,B,DI,01-Nov-2016,16:09:06,40.2830,-67.0860,,401677356,-131,8,,,,40.2830,-67.0860,316,,,,,,,,,,,,,,,,,,,,,,,,,,,,,,,,,,,,,,
5171,165928,,,B,DI,01-Nov-2016,18:27:41,40.2360,-67.0280,,401677375,-125,8,,,,40.2360,-67.0280,135,,,,,,,,,,,,,,,,,,,,,,,,,,,,,,,,,,,,,,
5171,165928,,,1,DI,01-Nov-2016,20:04:04,40.2320,-67.0230,,401677353,-130,48,,,,40.2320,-67.0230,557,,,,,,,,,,,,,,,,,,,,,,,,,,,,,,,,,,,,,,
5171,165928,,,A,DI,01-Nov-2016,20:27:24,40.2480,-67.0080,,401677347,-137,6,,,,40.2480,-67.0080,179,,,,,,,,,,,,,,,,,,,,,,,,,,,,,,,,,,,,,,
5171,165928,,,A,DI,01-Nov-2016,20:44:19,40.2480,-66.9940,,401677347,-137,6,,,,40.2480,-66.9940,437,,,,,,,,,,,,,,,,,,,,,,,,,,,,,,,,,,,,,,
5171,165928,,,B,DI,01-Nov-2016,22:20:56,40.2390,-66.9480,,401677355,-135,8,,,,40.2390,-66.9480,,,,,,,,,,,,,,,,,,,,,,,,,,,,,,,,,,,,,,,
5171,165928,,,B,DI,02-Nov-2016,10:24:58,40.2350,-66.5660,,401677367,-133,,,,,40.2350,-66.5660,109,,,,,,,,,,,,,,,,,,,,,,,,,,,,,,,,,,,,,,
5171,165928,,,B,DI,02-Nov-2016,20:36:16,40.4500,-66.9010,,401677349,-140,8,,,,40.4500,-66.9010,,,,,,,,,,,,,,,,,,,,,,,,,,,,,,,,,,,,,,,
5171,165928,,,B,DI,03-Nov-2016,13:48:20,40.5470,-66.5710,,401677348,-135,,,,,40.5470,-66.5710,,,,,,,,,,,,,,,,,,,,,,,,,,,,,,,,,,,,,,,
5171,165928,,,0,DI,03-Nov-2016,19:44:11,41.0000,-67.0750,,401677349,-130,48,,,,41.0000,-67.0750,230,,,,,,,,,,,,,,,,,,,,,,,,,,,,,,,,,,,,,,
5171,165928,,,B,DI,03-Nov-2016,21:18:03,41.0210,-67.0880,,401677358,-137,8,,,,41.0210,-67.0880,97,,,,,,,,,,,,,,,,,,,,,,,,,,,,,,,,,,,,,,
5171,165928,,,B,DI,03-Nov-2016,22:08:19,41.0390,-67.0980,,401677354,-133,8,,,,41.0390,-67.0980,,,,,,,,,,,,,,,,,,,,,,,,,,,,,,,,,,,,,,,
5171,165928,,,2,DI,04-Nov-2016,20:51:27,41.4040,-67.4870,,401677355,-133,50,,,,41.4040,-67.4870,250,,,,,,,,,,,,,,,,,,,,,,,,,,,,,,,,,,,,,,
5171,165928,,,B,DI,04-Nov-2016,21:48:12,41.4170,-67.5010,,401677375,-138,7,,,,41.4170,-67.5010,,,,,,,,,,,,,,,,,,,,,,,,,,,,,,,,,,,,,,,
5171,165928,,,B,DI,04-Nov-2016,21:51:12,41.4170,-67.5020,,401677343,-131,8,,,,41.4170,-67.5020,,,,,,,,,,,,,,,,,,,,,,,,,,,,,,,,,,,,,,,
5171,165928,,,0,DI,05-Nov-2016,19:21:38,41.0990,-67.7590,,401677354,-131,40,,,,41.0990,-67.7590,319,,,,,,,,,,,,,,,,,,,,,,,,,,,,,,,,,,,,,,
5171,165928,,,B,DI,06-Nov-2016,07:47:56,41.2100,-67.9130,,401677352,-138,,,,,41.2100,-67.9130,,,,,,,,,,,,,,,,,,,,,,,,,,,,,,,,,,,,,,,
5171,165928,,,2,DI,06-Nov-2016,17:30:41,41.2020,-67.8480,,401677356,-132,58,,,,41.2020,-67.8480,523,,,,,,,,,,,,,,,,,,,,,,,,,,,,,,,,,,,,,,
5171,165928,,,1,DI,06-Nov-2016,19:05:44,41.1770,-67.8210,,401677357,-129,58,,,,41.1770,-67.8210,537,,,,,,,,,,,,,,,,,,,,,,,,,,,,,,,,,,,,,,
5171,165928,,,B,DI,06-Nov-2016,20:00:03,41.1770,-67.8190,,401677350,-137,8,,,,41.1770,-67.8190,,,,,,,,,,,,,,,,,,,,,,,,,,,,,,,,,,,,,,,
5171,165928,,,B,DI,06-Nov-2016,20:50:39,41.1760,-67.8200,,401677344,-137,8,,,,41.1760,-67.8200,,,,,,,,,,,,,,,,,,,,,,,,,,,,,,,,,,,,,,,
5171,165928,,,3,DI,06-Nov-2016,21:31:35,41.1280,-67.7910,,401677358,-131,57,,,,41.1280,-67.7910,245,,,,,,,,,,,,,,,,,,,,,,,,,,,,,,,,,,,,,,
5171,165928,,,3,DI,06-Nov-2016,21:35:14,41.1270,-67.7980,,401677356,-125,56,,,,41.1270,-67.7980,583,,,,,,,,,,,,,,,,,,,,,,,,,,,,,,,,,,,,,,
5171,165928,,,A,DI,06-Nov-2016,23:13:18,41.1090,-67.7810,,401677347,-130,8,,,,41.1090,-67.7810,92,,,,,,,,,,,,,,,,,,,,,,,,,,,,,,,,,,,,,,
5171,165928,,,A,DI,06-Nov-2016,23:18:19,41.1030,-67.8420,,401677358,-132,6,,,,41.1030,-67.8420,187,,,,,,,,,,,,,,,,,,,,,,,,,,,,,,,,,,,,,,
5171,165928,,,1,DI,07-Nov-2016,00:05:03,41.0880,-67.8660,,401677349,-130,58,,,,41.0880,-67.8660,144,,,,,,,,,,,,,,,,,,,,,,,,,,,,,,,,,,,,,,
5171,165928,,,3,DI,07-Nov-2016,00:06:01,41.0800,-67.8630,,401677358,-133,56,,,,41.0800,-67.8630,467,,,,,,,,,,,,,,,,,,,,,,,,,,,,,,,,,,,,,,
5171,165928,,,0,DI,07-Nov-2016,19:00:25,40.4800,-67.8820,,401677355,-129,40,,,,40.4800,-67.8820,247,,,,,,,,,,,,,,,,,,,,,,,,,,,,,,,,,,,,,,
5171,165928,,,B,DI,07-Nov-2016,21:11:34,40.4560,-67.8740,,401677369,-128,8,,,,40.4560,-67.8740,44,,,,,,,,,,,,,,,,,,,,,,,,,,,,,,,,,,,,,,
5171,165928,,,B,DI,07-Nov-2016,21:21:24,40.4500,-67.8200,,401677342,-133,6,,,,40.4500,-67.8200,,,,,,,,,,,,,,,,,,,,,,,,,,,,,,,,,,,,,,,
5171,165928,,,1,DI,07-Nov-2016,21:53:48,40.4670,-67.7590,,401677358,-129,46,,,,40.4670,-67.7590,474,,,,,,,,,,,,,,,,,,,,,,,,,,,,,,,,,,,,,,
5171,165928,,,2,DI,08-Nov-2016,08:59:27,40.3320,-67.7560,,401677351,-133,58,,,,40.3320,-67.7560,406,,,,,,,,,,,,,,,,,,,,,,,,,,,,,,,,,,,,,,
5171,165928,,,A,DI,08-Nov-2016,10:50:28,40.3520,-67.7660,,401677340,-124,8,,,,40.3520,-67.7660,298,,,,,,,,,,,,,,,,,,,,,,,,,,,,,,,,,,,,,,
5171,165928,,,B,DI,08-Nov-2016,11:19:55,40.3410,-67.7760,,401677368,-132,6,,,,40.3410,-67.7760,,,,,,,,,,,,,,,,,,,,,,,,,,,,,,,,,,,,,,,
5171,165928,,,B,DI,08-Nov-2016,20:27:40,40.3400,-67.6410,,401677367,-131,8,,,,40.3400,-67.6410,,,,,,,,,,,,,,,,,,,,,,,,,,,,,,,,,,,,,,,
5171,165928,,,A,DI,08-Nov-2016,20:52:24,40.3410,-67.8350,,401677352,-131,6,,,,40.3410,-67.8350,365,,,,,,,,,,,,,,,,,,,,,,,,,,,,,,,,,,,,,,
5171,165928,,,A,DI,08-Nov-2016,21:05:59,40.3390,-67.8410,,401677353,-133,6,,,,40.3390,-67.8410,200,,,,,,,,,,,,,,,,,,,,,,,,,,,,,,,,,,,,,,
5171,165928,,,A,DI,08-Nov-2016,21:22:41,40.3400,-67.8320,,401677350,-134,6,,,,40.3400,-67.8320,194,,,,,,,,,,,,,,,,,,,,,,,,,,,,,,,,,,,,,,
5171,165928,,,B,DI,09-Nov-2016,13:23:20,40.2340,-67.8840,,401677375,-127,,,,,40.2340,-67.8840,143,,,,,,,,,,,,,,,,,,,,,,,,,,,,,,,,,,,,,,
5171,165928,,,B,DI,09-Nov-2016,20:17:38,40.1810,-67.8730,,401677345,-132,8,,,,40.1810,-67.8730,,,,,,,,,,,,,,,,,,,,,,,,,,,,,,,,,,,,,,,
5171,165928,,,B,DI,09-Nov-2016,20:27:18,40.1790,-67.9960,,401677350,-133,6,,,,40.1790,-67.9960,202,,,,,,,,,,,,,,,,,,,,,,,,,,,,,,,,,,,,,,
5171,165928,,,B,DI,09-Nov-2016,20:56:16,40.1750,-67.9920,,401677352,-133,6,,,,40.1750,-67.9920,45,,,,,,,,,,,,,,,,,,,,,,,,,,,,,,,,,,,,,,
5171,165928,,,B,DI,10-Nov-2016,01:36:17,40.1620,-67.9610,,401677357,-132,8,,,,40.1620,-67.9610,45,,,,,,,,,,,,,,,,,,,,,,,,,,,,,,,,,,,,,,
5171,165928,,,A,DI,10-Nov-2016,10:58:15,40.1480,-68.1510,,401677360,-127,8,,,,40.1480,-68.1510,102,,,,,,,,,,,,,,,,,,,,,,,,,,,,,,,,,,,,,,
5171,165928,,,B,DI,10-Nov-2016,11:26:37,40.1480,-68.1500,,401677355,-137,6,,,,40.1480,-68.1500,73,,,,,,,,,,,,,,,,,,,,,,,,,,,,,,,,,,,,,,
5171,165928,,,1,DI,10-Nov-2016,14:42:05,40.1130,-68.1460,,401677356,-121,58,,,,40.1130,-68.1460,182,,,,,,,,,,,,,,,,,,,,,,,,,,,,,,,,,,,,,,
5171,165928,,,B,DI,11-Nov-2016,09:15:16,40.0340,-68.2270,,401677333,-135,,,,,40.0340,-68.2270,46,,,,,,,,,,,,,,,,,,,,,,,,,,,,,,,,,,,,,,
5171,165928,,,B,DI,11-Nov-2016,10:47:35,40.0110,-68.2900,,401677352,-137,7,,,,40.0110,-68.2900,,,,,,,,,,,,,,,,,,,,,,,,,,,,,,,,,,,,,,,
5171,165928,,,B,DI,11-Nov-2016,10:56:10,40.0230,-68.2960,,401677369,-129,6,,,,40.0230,-68.2960,,,,,,,,,,,,,,,,,,,,,,,,,,,,,,,,,,,,,,,
5171,165928,,,B,DI,11-Nov-2016,11:34:17,40.0350,-68.2760,,401677368,-128,8,,,,40.0350,-68.2760,73,,,,,,,,,,,,,,,,,,,,,,,,,,,,,,,,,,,,,,
5171,165928,,,B,DI,11-Nov-2016,12:31:27,40.0410,-68.2990,,401677349,-137,8,,,,40.0410,-68.2990,,,,,,,,,,,,,,,,,,,,,,,,,,,,,,,,,,,,,,,
5171,165928,,,B,DI,11-Nov-2016,14:17:39,40.0450,-68.3140,,401677348,-132,8,,,,40.0450,-68.3140,,,,,,,,,,,,,,,,,,,,,,,,,,,,,,,,,,,,,,,
5171,165928,,,B,DI,12-Nov-2016,03:21:26,40.0340,-68.3020,,401677345,-134,,,,,40.0340,-68.3020,,,,,,,,,,,,,,,,,,,,,,,,,,,,,,,,,,,,,,,
5171,165928,,,B,DI,12-Nov-2016,06:38:13,39.9340,-68.5390,,401677395,-136,7,,,,39.9340,-68.5390,49,,,,,,,,,,,,,,,,,,,,,,,,,,,,,,,,,,,,,,
5171,165928,,,B,DI,12-Nov-2016,19:41:54,39.8990,-68.9340,,401677328,-130,,,,,39.8990,-68.9340,168,,,,,,,,,,,,,,,,,,,,,,,,,,,,,,,,,,,,,,
5171,165928,,,B,DI,12-Nov-2016,21:55:27,39.8190,-69.0430,,401677362,-125,8,,,,39.8190,-69.0430,237,,,,,,,,,,,,,,,,,,,,,,,,,,,,,,,,,,,,,,
5171,165928,,,B,DI,13-Nov-2016,13:44:13,39.6600,-69.4060,,401677339,-135,,,,,39.6600,-69.4060,,,,,,,,,,,,,,,,,,,,,,,,,,,,,,,,,,,,,,,
5171,165928,,,B,DI,14-Nov-2016,07:56:46,39.6310,-69.2880,,401677405,-124,,,,,39.6310,-69.2880,,,,,,,,,,,,,,,,,,,,,,,,,,,,,,,,,,,,,,,
5171,165928,,,B,DI,14-Nov-2016,11:05:56,39.5590,-69.6760,,401677362,-135,8,,,,39.5590,-69.6760,,,,,,,,,,,,,,,,,,,,,,,,,,,,,,,,,,,,,,,
5171,165928,,,B,DI,15-Nov-2016,07:37:25,39.3150,-70.4050,,401677361,-138,,,,,39.3150,-70.4050,,,,,,,,,,,,,,,,,,,,,,,,,,,,,,,,,,,,,,,
5171,165928,,,B,DI,15-Nov-2016,13:12:26,39.4170,-70.1960,,401677354,-137,8,,,,39.4170,-70.1960,,,,,,,,,,,,,,,,,,,,,,,,,,,,,,,,,,,,,,,
5171,165928,,,B,DI,15-Nov-2016,15:34:42,39.5120,-70.3030,,401677354,-132,8,,,,39.5120,-70.3030,50,,,,,,,,,,,,,,,,,,,,,,,,,,,,,,,,,,,,,,
5171,165928,,,B,DI,15-Nov-2016,19:01:53,39.5190,-70.3720,,401677370,-128,8,,,,39.5190,-70.3720,216,,,,,,,,,,,,,,,,,,,,,,,,,,,,,,,,,,,,,,
5171,165928,,,B,DI,15-Nov-2016,22:58:45,39.5170,-70.5200,,401677348,-129,8,,,,39.5170,-70.5200,,,,,,,,,,,,,,,,,,,,,,,,,,,,,,,,,,,,,,,
5171,165928,,,A,DI,17-Nov-2016,07:20:58,39.1820,-71.3190,,401677362,-129,,,,,39.1820,-71.3190,316,,,,,,,,,,,,,,,,,,,,,,,,,,,,,,,,,,,,,,
5171,165928,,,A,DI,17-Nov-2016,09:27:55,39.1460,-71.3520,,401677354,-135,8,,,,39.1460,-71.3520,416,,,,,,,,,,,,,,,,,,,,,,,,,,,,,,,,,,,,,,
5171,165928,,,A,DI,17-Nov-2016,11:09:08,39.1190,-71.3830,,401677354,-130,8,,,,39.1190,-71.3830,255,,,,,,,,,,,,,,,,,,,,,,,,,,,,,,,,,,,,,,
5171,165928,,,A,DI,17-Nov-2016,11:15:35,39.1080,-71.3770,,401677357,-127,6,,,,39.1080,-71.3770,292,,,,,,,,,,,,,,,,,,,,,,,,,,,,,,,,,,,,,,
5171,165928,,,B,DI,17-Nov-2016,23:24:30,39.0590,-71.6420,,401677346,-129,,,,,39.0590,-71.6420,,,,,,,,,,,,,,,,,,,,,,,,,,,,,,,,,,,,,,,
5171,165928,,,B,DI,17-Nov-2016,23:46:46,39.0600,-71.5150,,401677358,-132,6,,,,39.0600,-71.5150,,,,,,,,,,,,,,,,,,,,,,,,,,,,,,,,,,,,,,,
5171,165928,,,A,DI,18-Nov-2016,01:17:23,39.0750,-71.6700,,401677359,-118,8,,,,39.0750,-71.6700,350,,,,,,,,,,,,,,,,,,,,,,,,,,,,,,,,,,,,,,
5171,165928,,,B,DI,18-Nov-2016,10:26:53,39.0660,-72.0770,,401677344,-137,8,,,,39.0660,-72.0770,,,,,,,,,,,,,,,,,,,,,,,,,,,,,,,,,,,,,,,
5171,165928,,,B,DI,18-Nov-2016,14:29:24,39.0350,-72.2350,,401677351,-131,8,,,,39.0350,-72.2350,,,,,,,,,,,,,,,,,,,,,,,,,,,,,,,,,,,,,,,
5171,165928,,,A,DI,18-Nov-2016,22:53:06,38.9250,-72.2300,,401677360,-126,8,,,,38.9250,-72.2300,147,,,,,,,,,,,,,,,,,,,,,,,,,,,,,,,,,,,,,,
5171,165928,,,B,DI,19-Nov-2016,08:37:05,38.8230,-72.3820,,401677318,-130,8,,,,38.8230,-72.3820,45,,,,,,,,,,,,,,,,,,,,,,,,,,,,,,,,,,,,,,
5171,165928,,,B,DI,19-Nov-2016,22:17:27,38.8410,-72.3230,,401677345,-127,,,,,38.8410,-72.3230,52,,,,,,,,,,,,,,,,,,,,,,,,,,,,,,,,,,,,,,
5171,165928,,,B,DI,19-Nov-2016,22:17:53,38.8230,-72.4690,,401677363,-136,6,,,,38.8230,-72.4690,,,,,,,,,,,,,,,,,,,,,,,,,,,,,,,,,,,,,,,
5171,165928,,,A,DI,20-Nov-2016,08:24:42,38.7460,-72.2040,,401677368,-126,8,,,,38.7460,-72.2040,112,,,,,,,,,,,,,,,,,,,,,,,,,,,,,,,,,,,,,,
5171,165928,,,B,DI,20-Nov-2016,22:07:36,38.5330,-72.3340,,401677349,-128,,,,,38.5330,-72.3340,,,,,,,,,,,,,,,,,,,,,,,,,,,,,,,,,,,,,,,
5171,165928,,,B,DI,20-Nov-2016,22:28:33,38.5730,-72.2020,,401677303,-127,6,,,,38.5730,-72.2020,,,,,,,,,,,,,,,,,,,,,,,,,,,,,,,,,,,,,,,
5171,165928,,,A,DI,20-Nov-2016,23:29:02,38.5320,-71.7940,,401677356,-131,50,,,,39.7290,-77.9010,331,,,,,,,,,,,,,,,,,,,,,,,,,,,,,,,,,,,,,,
5171,165928,,,B,DI,20-Nov-2016,23:52:46,38.5330,-71.7940,,401677360,-133,6,,,,39.7730,-77.8600,,,,,,,,,,,,,,,,,,,,,,,,,,,,,,,,,,,,,,,
5171,165928,,,A,DI,21-Nov-2016,22:07:41,37.8960,-71.6660,,401677365,-125,1,,,,37.8960,-71.6660,190,,,,,,,,,,,,,,,,,,,,,,,,,,,,,,,,,,,,,,
5171,165928,,,B,DI,21-Nov-2016,23:44:42,37.8850,-71.6640,,401677341,-137,8,,,,37.8850,-71.6640,,,,,,,,,,,,,,,,,,,,,,,,,,,,,,,,,,,,,,,
5171,165928,,,A,DI,21-Nov-2016,23:57:09,37.9730,-71.5740,,401677319,-133,8,,,,37.9730,-71.5740,132,,,,,,,,,,,,,,,,,,,,,,,,,,,,,,,,,,,,,,
5171,165928,,,B,DI,22-Nov-2016,01:40:20,37.9840,-71.5430,,401677334,-135,8,,,,37.9840,-71.5430,,,,,,,,,,,,,,,,,,,,,,,,,,,,,,,,,,,,,,,
5171,165928,,,B,DI,22-Nov-2016,23:17:35,38.0890,-71.1310,,401677325,-135,,,,,38.0890,-71.1310,,,,,,,,,,,,,,,,,,,,,,,,,,,,,,,,,,,,,,,
5171,165928,,,2,DI,23-Nov-2016,01:08:40,38.2250,-70.7500,,401677357,-125,57,,,,38.2250,-70.7500,512,,,,,,,,,,,,,,,,,,,,,,,,,,,,,,,,,,,,,,
5171,165928,,,B,DI,23-Nov-2016,02:11:07,38.2650,-70.6490,,401677341,-132,8,,,,38.2650,-70.6490,,,,,,,,,,,,,,,,,,,,,,,,,,,,,,,,,,,,,,,
5171,165928,,,B,DI,23-Nov-2016,02:56:47,38.2540,-70.6770,,401677345,-133,8,,,,38.2540,-70.6770,,,,,,,,,,,,,,,,,,,,,,,,,,,,,,,,,,,,,,,
5171,165928,,,1,DI,26-Nov-2016,22:06:05,37.9800,-69.3300,,401677365,-133,40,,,,37.9800,-69.3300,335,,,,,,,,,,,,,,,,,,,,,,,,,,,,,,,,,,,,,,
5171,165928,,,B,DI,27-Nov-2016,01:32:07,37.9200,-69.3070,,401677342,-122,8,,,,37.9200,-69.3070,61,,,,,,,,,,,,,,,,,,,,,,,,,,,,,,,,,,,,,,
5171,165928,,,B,DI,27-Nov-2016,03:10:27,37.9440,-69.1890,,401677339,-133,8,,,,37.9440,-69.1890,,,,,,,,,,,,,,,,,,,,,,,,,,,,,,,,,,,,,,,
5171,165928,,,B,DI,27-Nov-2016,07:05:36,37.8720,-69.2700,,401677367,-135,8,,,,37.8720,-69.2700,,,,,,,,,,,,,,,,,,,,,,,,,,,,,,,,,,,,,,,
5171,165928,,,B,DI,27-Nov-2016,20:08:41,37.8280,-68.8520,,401677300,-134,,,,,37.8280,-68.8520,410,,,,,,,,,,,,,,,,,,,,,,,,,,,,,,,,,,,,,,
5171,165928,,,B,DI,28-Nov-2016,06:58:01,37.7080,-68.8770,,401677342,-132,8,,,,37.7080,-68.8770,,,,,,,,,,,,,,,,,,,,,,,,,,,,,,,,,,,,,,,
5171,165928,,,B,DI,28-Nov-2016,10:27:08,37.3170,-68.5130,,401677286,-124,8,,,,37.3170,-68.5130,,,,,,,,,,,,,,,,,,,,,,,,,,,,,,,,,,,,,,,
5171,165928,,,B,DI,28-Nov-2016,10:51:14,37.3100,-68.0070,,401677354,-130,6,,,,37.3100,-68.0070,96,,,,,,,,,,,,,,,,,,,,,,,,,,,,,,,,,,,,,,
5171,165928,,,1,DI,30-Nov-2016,08:08:03,37.6380,-67.6830,,401677357,-133,40,,,,37.6380,-67.6830,562,,,,,,,,,,,,,,,,,,,,,,,,,,,,,,,,,,,,,,
5171,165928,,,B,DI,01-Dec-2016,01:03:35,37.5380,-67.5970,,401677342,-135,,,,,37.5380,-67.5970,,,,,,,,,,,,,,,,,,,,,,,,,,,,,,,,,,,,,,,
5171,165928,,,B,DI,01-Dec-2016,01:43:27,37.5180,-67.5660,,401677359,-129,6,,,,37.5180,-67.5660,,,,,,,,,,,,,,,,,,,,,,,,,,,,,,,,,,,,,,,
5171,165928,,,B,DI,01-Dec-2016,06:18:36,37.4460,-67.3880,,401677347,-133,8,,,,37.4460,-67.3880,,,,,,,,,,,,,,,,,,,,,,,,,,,,,,,,,,,,,,,
5171,165928,,,B,DI,04-Dec-2016,07:22:33,38.6600,-63.4910,,401677357,-129,,,,,37.1580,-56.6250,203,,,,,,,,,,,,,,,,,,,,,,,,,,,,,,,,,,,,,,
5171,165928,,,A,DI,04-Dec-2016,08:58:19,38.6550,-63.4360,,401677361,-128,8,,,,38.6550,-63.4360,255,,,,,,,,,,,,,,,,,,,,,,,,,,,,,,,,,,,,,,
5171,165928,,,B,DI,05-Dec-2016,01:21:25,38.5130,-63.2400,,401677330,-132,,,,,38.5130,-63.2400,,,,,,,,,,,,,,,,,,,,,,,,,,,,,,,,,,,,,,,
5171,165928,,,A,DI,05-Dec-2016,02:05:20,38.4740,-62.9880,,401677355,-119,6,,,,38.4740,-62.9880,144,,,,,,,,,,,,,,,,,,,,,,,,,,,,,,,,,,,,,,
5171,165928,,,A,DI,05-Dec-2016,07:15:40,38.4050,-62.8460,,401677360,-126,8,,,,38.4050,-62.8460,292,,,,,,,,,,,,,,,,,,,,,,,,,,,,,,,,,,,,,,
5171,165928,,,Z,DI,09-Dec-2016,09:43:01,36.7510,-55.6610,,401677976,-125,31,,,,36.7510,-55.6610,146,,,,,,,,,,,,,,,,,,,,,,,,,,,,,,,,,,,,,,
5171,165928,,,B,DI,09-Dec-2016,12:04:35,35.6560,-62.0150,,401677357,-132,,,,,41.6460,-90.8740,64,,,,,,,,,,,,,,,,,,,,,,,,,,,,,,,,,,,,,,
5171,165928,,,B,DI,10-Dec-2016,06:18:44,35.2110,-62.0710,,401677431,-134,,,,,38.4790,-90.9120,,,,,,,,,,,,,,,,,,,,,,,,,,,,,,,,,,,,,,,
5171,165928,,,B,DI,10-Dec-2016,07:57:20,35.1310,-61.8960,,401677425,-125,1,,,,35.1310,-61.8960,233,,,,,,,,,,,,,,,,,,,,,,,,,,,,,,,,,,,,,,
5171,165928,,,B,DI,10-Dec-2016,09:10:55,34.9860,-62.0030,,401677365,-124,8,,,,34.9860,-62.0030,202,,,,,,,,,,,,,,,,,,,,,,,,,,,,,,,,,,,,,,
5171,165928,,,B,DI,10-Dec-2016,23:05:41,34.4310,-61.9310,,401677327,-136,,,,,34.4310,-61.9310,,,,,,,,,,,,,,,,,,,,,,,,,,,,,,,,,,,,,,,
5171,165928,,,B,DI,11-Dec-2016,08:42:29,34.6810,-62.1760,,401677399,-138,8,,,,34.6810,-62.1760,,,,,,,,,,,,,,,,,,,,,,,,,,,,,,,,,,,,,,,
5171,165928,,,1,DI,11-Dec-2016,10:47:37,34.4560,-62.7130,,401677361,-125,58,,,,34.4560,-62.7130,342,,,,,,,,,,,,,,,,,,,,,,,,,,,,,,,,,,,,,,
5171,165928,,,0,DI,11-Dec-2016,13:59:17,34.3730,-62.8380,,401677366,-126,58,,,,34.3730,-62.8380,260,,,,,,,,,,,,,,,,,,,,,,,,,,,,,,,,,,,,,,
5171,165928,,,B,DI,24-Dec-2016,00:31:01,31.6440,-68.2470,,401677361,-133,,,,,38.3600,-34.9050,224,,,,,,,,,,,,,,,,,,,,,,,,,,,,,,,,,,,,,,
5171,165928,,,B,DI,25-Dec-2016,01:51:21,31.3450,-68.0600,,401677244,-125,,,,,31.3450,-68.0600,177,,,,,,,,,,,,,,,,,,,,,,,,,,,,,,,,,,,,,,
5171,165928,,,A,DI,26-Dec-2016,01:25:58,32.7830,-61.2310,,401677361,-127,40,,,,30.9810,-69.8940,338,,,,,,,,,,,,,,,,,,,,,,,,,,,,,,,,,,,,,,
5171,165928,,,B,DI,26-Dec-2016,22:26:27,31.0730,-69.9930,,401677431,-135,,,,,31.0730,-69.9930,,,,,,,,,,,,,,,,,,,,,,,,,,,,,,,,,,,,,,,
5171,165928,,,B,DI,27-Dec-2016,01:10:32,31.2950,-70.3840,,401677474,-129,7,,,,31.2950,-70.3840,,,,,,,,,,,,,,,,,,,,,,,,,,,,,,,,,,,,,,,
5171,165928,,,B,DI,27-Dec-2016,02:01:16,31.2880,-70.4760,,401677412,-133,8,,,,31.2880,-70.4760,,,,,,,,,,,,,,,,,,,,,,,,,,,,,,,,,,,,,,,
,,,,,,,,,,,,,,,,,,,,,,,,,,,,,,,,,,,,,,,,,,,,,,,,,,,,,,,,,
,,,,,,,,,,,,,,,,,,,,,,,,,,,,,,,,,,,,,,,,,,,,,,,,,,,,,,,,,
PTT,Diags,Passes,Msgs,,,,,,,,,,,,,,,,,,,,,,,,,,,,,,,,,,,,,,,,,,,,,,,,,,,,,,
165928,164,178,413,,,,,,,,,,,,,,,,,,,,,,,,,,,,,,,,,,,,,,,,,,,,,,,,,,,,,,
