DeployID,Ptt,Instr,Date,Duplicates,Satellite,LocationQuality,Latitude,Longitude,Reason,Possible Timestamp,Possible Type,Byte 0,Byte 1,Byte 2,Byte 3,Byte 4,Byte 5,Byte 6,Byte 7,Byte 8,Byte 9,Byte 10,Byte 11,Byte 12,Byte 13,Byte 14,Byte 15,Byte 16,Byte 17,Byte 18,Byte 19,Byte 20,Byte 21,Byte 22,Byte 23,Byte 24,Byte 25,Byte 26,Byte 27,Byte 28,Byte 29,Byte 30,Byte 31
106746,106746,UT,00:27:34 18-Aug-2016,,,,,,CRC 10.9,00:27:34 18-Aug-2016,Status,42,177,1,,,,,,,,,,,,,,,,,,,,,,,,,,,,,
106746,106746,UT,00:27:34 18-Aug-2016,,,,,,CRC 10.9,00:27:34 18-Aug-2016,Status,42,177,1,,,,,,,,,,,,,,,,,,,,,,,,,,,,,
106746,106746,UT,10:35:55 29-Aug-2016,,,A,41.6827,-69.1351,CRC 10.14,10:35:55 29-Aug-2016,Status,10,4,16,,,,,,,,,,,,,,,,,,,,,,,,,,,,,
106746,106746,UT,10:35:55 29-Aug-2016,,,A,41.6830,-69.1350,CRC 10.14,10:35:55 29-Aug-2016,Status,10,4,16,,,,,,,,,,,,,,,,,,,,,,,,,,,,,
106746,106746,UT,11:04:40 29-Aug-2016,,,A,41.6846,-69.2185,CRC 182.41,11:04:40 29-Aug-2016,Status,86,208,90,11,232,136,18,57,14,174,223,160,94,71,254,143,16,47,140,33,214,203,7,,,,,,,,,
106746,106746,UT,11:04:40 29-Aug-2016,,,A,41.6850,-69.2190,CRC 182.41,11:04:40 29-Aug-2016,Status,86,208,90,11,232,136,18,57,14,174,223,160,94,71,254,143,16,47,140,33,214,203,7,,,,,,,,,
106746,106746,UT,11:40:51 29-Aug-2016,,,,,,CRC 6.228,07:52:17 17-Aug-2016,Status,64,208,90,11,232,136,18,54,168,159,68,84,254,74,162,233,140,32,186,31,183,5,181,,,,,,,,,
106746,106746,UT,11:40:51 29-Aug-2016,,,,,,CRC 6.228,07:52:17 17-Aug-2016,Status,64,208,90,11,232,136,18,54,168,159,68,84,254,74,162,233,140,32,186,31,183,5,181,,,,,,,,,
106746,106746,UT,13:14:44 29-Aug-2016,,,,,,CRC 10.3,,,138,16,16,,,,,,,,,,,,,,,,,,,,,,,,,,,,,
106746,106746,UT,13:14:44 29-Aug-2016,,,,,,CRC 10.3,,,138,16,16,,,,,,,,,,,,,,,,,,,,,,,,,,,,,
106746,106746,UT,21:26:30 29-Aug-2016,,,,,,CRC 10.11,21:26:30 29-Aug-2016,Status,74,204,138,,,,,,,,,,,,,,,,,,,,,,,,,,,,,
106746,106746,UT,21:26:30 29-Aug-2016,,,,,,CRC 10.11,21:26:30 29-Aug-2016,Status,74,204,138,,,,,,,,,,,,,,,,,,,,,,,,,,,,,
106746,106746,UT,21:58:56 29-Aug-2016,,,A,41.6201,-69.2181,CRC 127.224,,,15,237,72,162,167,181,203,33,166,185,78,219,224,219,175,174,83,192,13,214,146,66,209,,,,,,,,,
106746,106746,UT,22:04:14 29-Aug-2016,,,A,41.6201,-69.2181,CRC 112.254,22:04:10 29-Aug-2016,Status,78,16,90,11,232,136,18,57,14,216,66,146,216,2,129,16,1,197,25,204,65,67,4,,,,,,,,,
106746,106746,UT,21:58:56 29-Aug-2016,,,A,41.6200,-69.2180,CRC 127.224,,,15,237,72,162,167,181,203,33,166,185,78,219,224,219,175,174,83,192,13,214,146,66,209,,,,,,,,,
106746,106746,UT,22:04:14 29-Aug-2016,,,A,41.6200,-69.2180,CRC 112.254,22:04:10 29-Aug-2016,Status,78,16,90,11,232,136,18,57,14,216,66,146,216,2,129,16,1,197,25,204,65,67,4,,,,,,,,,
106746,106746,UT,23:16:03 29-Aug-2016,,,B,41.6125,-69.2078,CRC 10.9,23:16:03 29-Aug-2016,Status,10,64,16,,,,,,,,,,,,,,,,,,,,,,,,,,,,,
106746,106746,UT,23:16:03 29-Aug-2016,,,B,41.6130,-69.2080,CRC 10.9,23:16:03 29-Aug-2016,Status,10,64,16,,,,,,,,,,,,,,,,,,,,,,,,,,,,,
106746,106746,UT,07:09:10 30-Aug-2016,,,0,41.4852,-69.1718,CRC 186.229,07:09:10 30-Aug-2016,Status,87,80,90,31,142,12,22,255,192,224,0,112,45,21,126,55,17,10,60,6,78,45,193,,,,,,,,,
106746,106746,UT,07:09:10 30-Aug-2016,,,0,41.4850,-69.1720,CRC 186.229,07:09:10 30-Aug-2016,Status,87,80,90,31,142,12,22,255,192,224,0,112,45,21,126,55,17,10,60,6,78,45,193,,,,,,,,,
106746,106746,UT,16:06:01 30-Aug-2016,,,A,41.4670,-69.1196,CRC 236.54,17:51:37 20-Aug-2016,Status,93,144,88,61,70,168,103,132,74,71,57,104,247,166,181,67,51,203,30,108,42,241,251,,,,,,,,,
106746,106746,UT,16:06:01 30-Aug-2016,,,A,41.4670,-69.1200,CRC 236.54,17:51:37 20-Aug-2016,Status,93,144,88,61,70,168,103,132,74,71,57,104,247,166,181,67,51,203,30,108,42,241,251,,,,,,,,,
106746,106746,UT,23:17:05 30-Aug-2016,,,B,41.3842,-69.4351,CRC 13.118,23:17:00 30-Aug-2016,Status,65,176,90,11,232,136,18,57,15,93,16,22,20,5,51,16,1,231,24,203,80,68,125,,,,,,,,,
106746,106746,UT,23:17:05 30-Aug-2016,,,B,41.3840,-69.4350,CRC 13.118,23:17:00 30-Aug-2016,Status,65,176,90,11,232,136,18,57,15,93,16,22,20,5,51,16,1,231,24,203,80,68,125,,,,,,,,,
106746,106746,UT,23:19:47 01-Sep-2016,,,,,,CRC 249.243,23:19:41 01-Sep-2016,Status,95,48,90,11,232,136,18,57,0,221,58,87,84,9,17,18,17,192,77,247,89,231,6,,,,,,,,,
106746,106746,UT,01:04:51 02-Sep-2016,,,0,41.6830,-69.6150,CRC 10.9,01:04:51 02-Sep-2016,Status,26,17,147,,,,,,,,,,,,,,,,,,,,,,,,,,,,,
106746,106746,UT,01:18:17 02-Sep-2016,,,0,41.6830,-69.6150,CRC 8.6,01:18:17 02-Sep-2016,Status,8,0,20,,,,,,,,,,,,,,,,,,,,,,,,,,,,,
106746,106746,UT,02:03:34 02-Sep-2016,,,1,41.7170,-69.5350,CRC 0.6,02:03:34 02-Sep-2016,Status,64,49,4,,,,,,,,,,,,,,,,,,,,,,,,,,,,,
106746,106746,UT,01:42:30 03-Sep-2016,,,,,,CRC 10.2,01:42:30 03-Sep-2016,Status,26,7,17,,,,,,,,,,,,,,,,,,,,,,,,,,,,,
106746,106746,UT,02:27:31 03-Sep-2016,,,A,41.9770,-69.8810,CRC 88.180,02:27:24 03-Sep-2016,Status,75,16,90,11,232,136,18,57,1,137,182,22,84,11,15,22,1,255,22,200,160,0,151,,,,,,,,,
106746,106746,UT,06:31:40 03-Sep-2016,,,,,,CRC 15.1,06:31:40 03-Sep-2016,Status,47,19,13,,,,,,,,,,,,,,,,,,,,,,,,,,,,,
106746,106746,UT,17:57:49 03-Sep-2016,,,0,41.7640,-69.8530,CRC 10.11,17:57:49 03-Sep-2016,Status,10,45,24,,,,,,,,,,,,,,,,,,,,,,,,,,,,,
106746,106746,UT,19:38:52 03-Sep-2016,,,1,41.7710,-69.8410,CRC 11.3,19:38:52 03-Sep-2016,Status,75,150,12,,,,,,,,,,,,,,,,,,,,,,,,,,,,,
106746,106746,UT,21:32:30 03-Sep-2016,,,,,,CRC 133.135,21:32:24 03-Sep-2016,Status,80,176,90,11,232,136,18,57,1,214,6,23,22,26,54,93,129,191,22,200,128,0,0,,,,,,,,,
106746,106746,UT,22:07:27 03-Sep-2016,,,A,41.7830,-69.8050,CRC 13.189,22:07:27 03-Sep-2016,Status,65,191,54,212,22,161,49,188,209,203,206,75,135,165,80,113,30,62,149,176,50,197,151,,,,,,,,,
106746,106746,UT,22:21:49 03-Sep-2016,,,A,41.7530,-69.8920,CRC 1.12,22:21:49 03-Sep-2016,Status,65,166,41,,,,,,,,,,,,,,,,,,,,,,,,,,,,,
106746,106746,UT,23:53:50 03-Sep-2016,,,,,,CRC 98.171,23:49:41 03-Sep-2016,Status,76,80,90,11,232,136,18,57,33,223,26,87,50,46,208,198,103,17,43,24,78,73,145,,,,,,,,,
106746,106746,UT,17:46:13 04-Sep-2016,,,0,41.8200,-69.8320,CRC 215.190,17:46:13 04-Sep-2016,Status,90,226,90,10,232,8,146,57,2,206,114,204,146,56,255,73,107,159,35,145,224,0,1,,,,,,,,,
106746,106746,UT,23:32:08 04-Sep-2016,,,0,41.7280,-69.8480,CRC 9.4,23:32:08 04-Sep-2016,Status,73,140,222,,,,,,,,,,,,,,,,,,,,,,,,,,,,,
106746,106746,UT,23:41:15 04-Sep-2016,,,0,41.7180,-69.8500,CRC 20.161,23:41:08 06-Sep-2016,Status,66,144,90,11,232,136,18,57,3,94,146,23,152,15,161,18,1,188,21,200,192,0,0,,,,,,,,,
106746,106746,UT,23:30:26 05-Sep-2016,,,A,41.7430,-69.6580,,,,10,0,0,,,,,,,,,,,,,,,,,,,,,,,,,,,,,
106746,106746,UT,00:37:49 06-Sep-2016,,,0,41.6980,-69.7210,CRC 6.4,00:37:49 06-Sep-2016,Status,38,245,7,,,,,,,,,,,,,,,,,,,,,,,,,,,,,
106746,106746,UT,01:22:53 06-Sep-2016,,,1,41.7510,-69.7360,CRC 10.12,01:22:53 06-Sep-2016,Status,26,17,1,,,,,,,,,,,,,,,,,,,,,,,,,,,,,
106746,106746,UT,03:07:50 06-Sep-2016,,,B,41.7280,-69.6370,CRC 217.60,03:31:33 06-Sep-2016,Status,91,48,90,11,232,136,18,57,3,13,248,104,154,46,249,20,5,215,22,206,144,0,0,,,,,,,,,
106746,106746,UT,19:02:03 06-Sep-2016,,,B,41.7520,-69.6650,CRC 72.141,19:31:15 01-Sep-2016,Status,73,16,90,11,232,53,139,39,144,205,243,222,243,198,141,159,241,213,2,21,194,119,115,,,,,,,,,
106746,106746,UT,20:21:03 06-Sep-2016,,,B,41.7380,-69.7000,CRC 107.215,20:20:55 06-Sep-2016,Status,77,112,90,11,232,136,18,57,3,81,77,215,55,22,27,92,81,251,19,195,248,0,0,,,,,,,,,
106746,106746,UT,22:21:03 06-Sep-2016,,,,,,CRC 77.47,10:42:21 11-Sep-2016,Status,73,177,90,11,85,85,82,181,85,170,165,106,235,213,66,149,98,137,66,241,39,236,78,,,,,,,,,
106746,106746,UT,23:09:40 06-Sep-2016,,,1,41.7210,-69.7650,CRC 106.220,23:09:32 06-Sep-2016,Status,77,80,90,11,232,136,18,57,3,92,152,22,20,19,47,18,1,255,150,148,180,165,165,,,,,,,,,
106746,106746,UT,23:19:16 06-Sep-2016,,,1,41.7210,-69.7650,CRC 12.9,23:19:16 06-Sep-2016,Status,76,125,4,,,,,,,,,,,,,,,,,,,,,,,,,,,,,
106746,106746,UT,23:31:04 06-Sep-2016,,,,,,CRC 14.8,23:31:04 06-Sep-2016,Status,46,50,9,,,,,,,,,,,,,,,,,,,,,,,,,,,,,
106746,106746,UT,23:43:24 06-Sep-2016,,,,,,CRC 14.3,23:43:24 06-Sep-2016,Status,14,62,85,,,,,,,,,,,,,,,,,,,,,,,,,,,,,
106746,106746,UT,18:50:55 07-Sep-2016,,,,,,CRC 10.13,18:50:55 07-Sep-2016,Status,10,5,34,,,,,,,,,,,,,,,,,,,,,,,,,,,,,
106746,106746,UT,18:55:27 07-Sep-2016,,,,,,CRC 82.92,18:55:18 07-Sep-2016,Status,74,80,90,11,232,136,18,57,3,203,116,150,86,20,151,22,1,197,21,199,80,0,2,,,,,,,,,
106746,106746,UT,20:29:55 07-Sep-2016,,,B,41.7480,-69.7230,CRC 116.19,20:29:46 07-Sep-2016,Status,78,144,90,11,232,136,18,57,3,209,219,150,150,20,192,117,199,101,9,211,180,138,53,,,,,,,,,
106746,106746,UT,20:31:26 07-Sep-2016,,,B,41.7480,-69.7230,CRC 6.7,20:31:26 07-Sep-2016,Status,38,157,95,,,,,,,,,,,,,,,,,,,,,,,,,,,,,
106746,106746,UT,21:56:53 07-Sep-2016,,,0,41.7100,-69.8100,CRC 4.2,21:56:53 07-Sep-2016,Status,68,116,6,,,,,,,,,,,,,,,,,,,,,,,,,,,,,
106746,106746,UT,21:58:21 07-Sep-2016,,,0,41.7100,-69.8100,CRC 197.132,07:56:15 13-Sep-2016,Status,88,176,89,153,227,159,255,254,6,159,131,247,237,62,250,12,12,28,192,79,231,1,23,,,,,,,,,
106746,106746,UT,23:09:09 07-Sep-2016,,,,,,CRC 10.5,23:09:09 07-Sep-2016,Status,42,167,15,,,,,,,,,,,,,,,,,,,,,,,,,,,,,
106746,106746,UT,23:14:31 07-Sep-2016,,,A,41.7040,-69.7790,CRC 4.8,23:14:31 07-Sep-2016,Status,68,82,74,,,,,,,,,,,,,,,,,,,,,,,,,,,,,
106746,106746,UT,18:41:27 08-Sep-2016,,,0,41.7340,-69.8920,CRC 48.77,12:52:50 27-Sep-2016,Status,70,16,90,11,232,136,19,51,109,179,76,146,109,182,204,155,103,146,217,33,146,100,166,,,,,,,,,
106746,106746,UT,18:45:28 08-Sep-2016,,,0,41.7340,-69.8920,CRC 67.116,18:45:19 08-Sep-2016,Status,72,112,90,11,232,136,18,57,4,74,212,214,22,21,165,4,1,125,19,199,192,0,0,,,,,,,,,
106746,106746,UT,00:43:46 09-Sep-2016,,,A,41.5600,-69.7670,CRC 10.7,00:43:46 09-Sep-2016,Status,10,1,24,,,,,,,,,,,,,,,,,,,,,,,,,,,,,
106746,106746,UT,18:31:08 09-Sep-2016,,,0,41.6700,-69.8320,CRC 68.49,18:48:43 02-Sep-2016,Status,72,144,90,11,232,136,21,57,65,75,10,210,181,165,175,98,210,11,210,218,214,181,191,,,,,,,,,
106746,106746,UT,18:12:36 10-Sep-2016,,,1,41.5930,-69.4830,CRC 146.201,18:12:36 10-Sep-2016,Status,82,80,90,11,232,136,18,57,0,65,105,66,10,49,75,80,237,205,24,233,158,210,81,,,,,,,,,
106746,106746,UT,18:13:21 10-Sep-2016,,,1,41.5930,-69.4830,CRC 7.15,,,151,78,134,,,,,,,,,,,,,,,,,,,,,,,,,,,,,
106746,106746,UT,17:58:18 12-Sep-2016,,,B,41.4310,-69.4790,CRC 10.0,17:58:18 12-Sep-2016,Status,26,29,65,,,,,,,,,,,,,,,,,,,,,,,,,,,,,
106746,106746,UT,16:17:31 13-Sep-2016,,,0,41.3720,-69.3610,CRC 28.49,16:17:20 13-Sep-2016,Status,67,144,90,11,232,136,18,57,6,193,21,26,214,31,115,20,1,179,19,201,64,0,0,,,,,,,,,
106746,106746,UT,16:21:08 13-Sep-2016,,,0,41.3720,-69.3610,CRC 151.222,16:20:56 13-Sep-2016,Status,82,240,90,11,232,136,18,57,6,193,78,20,22,31,125,18,1,253,19,200,161,144,4,,,,,,,,,
106746,106746,UT,17:41:05 13-Sep-2016,,,0,48.4440,-35.2610,CRC 255.220,20:14:06 26-Sep-2016,Status,95,240,90,12,186,59,177,75,29,80,225,169,43,139,187,100,167,155,83,121,200,181,241,,,,,,,,,
106746,106746,UT,17:48:14 13-Sep-2016,,,0,48.4440,-35.2610,CRC 10.9,17:48:14 13-Sep-2016,Status,10,64,16,,,,,,,,,,,,,,,,,,,,,,,,,,,,,
106746,106746,UT,16:00:14 14-Sep-2016,,,B,41.3810,-69.3850,CRC 10.14,16:00:14 14-Sep-2016,Status,26,52,112,,,,,,,,,,,,,,,,,,,,,,,,,,,,,
106746,106746,UT,16:00:57 14-Sep-2016,,,B,41.3810,-69.3850,CRC 3.2,16:00:57 14-Sep-2016,Status,35,160,59,,,,,,,,,,,,,,,,,,,,,,,,,,,,,
106746,106746,UT,17:21:38 15-Sep-2016,,,,,,CRC 10.12,17:21:38 15-Sep-2016,Status,26,17,17,,,,,,,,,,,,,,,,,,,,,,,,,,,,,
106746,106746,UT,18:57:50 15-Sep-2016,,,,,,CRC 169.140,04:34:09 05-Sep-2016,Status,85,48,90,92,48,231,17,109,210,146,34,79,84,32,13,180,65,245,174,231,225,177,250,,,,,,,,,
106746,106746,UT,20:42:59 15-Sep-2016,,,B,41.4080,-69.1190,CRC 31.142,20:42:46 15-Sep-2016,Status,67,240,90,11,232,136,18,57,7,210,171,183,212,36,205,18,1,97,19,200,160,0,0,,,,,,,,,
106746,106746,UT,20:32:54 16-Sep-2016,,,,,,CRC 5.15,20:32:54 16-Sep-2016,Status,37,125,4,,,,,,,,,,,,,,,,,,,,,,,,,,,,,
106746,106746,UT,21:13:13 16-Sep-2016,,,0,41.3730,-69.4650,CRC 148.74,21:13:13 16-Sep-2016,Status,82,144,81,149,182,186,95,173,122,234,222,181,69,45,89,155,231,108,226,80,109,97,51,,,,,,,,,
106746,106746,UT,21:15:23 16-Sep-2016,,,0,41.3730,-69.4650,CRC 2.9,21:15:23 16-Sep-2016,Status,82,187,204,,,,,,,,,,,,,,,,,,,,,,,,,,,,,
106746,106746,UT,21:15:23 16-Sep-2016,,,A,41.4130,-69.5750,CRC 12.8,,,108,245,177,,,,,,,,,,,,,,,,,,,,,,,,,,,,,
106746,106746,UT,16:57:42 17-Sep-2016,,,0,41.4300,-69.8040,CRC 10.2,16:57:42 17-Sep-2016,Status,10,8,64,,,,,,,,,,,,,,,,,,,,,,,,,,,,,
106746,106746,UT,16:58:28 17-Sep-2016,,,0,41.4300,-69.8040,CRC 100.120,16:58:28 17-Sep-2016,Status,76,144,74,27,83,238,81,179,37,120,38,135,161,160,192,23,203,254,190,56,96,114,50,,,,,,,,,
106746,106746,UT,20:14:25 17-Sep-2016,,,0,41.3230,-69.2810,CRC 11.246,20:14:12 17-Sep-2016,Status,65,112,90,11,232,136,18,57,8,208,227,23,214,40,241,22,1,235,19,200,176,175,185,,,,,,,,,
106746,106746,UT,20:18:04 17-Sep-2016,,,0,41.3230,-69.2810,CRC 183.245,20:17:50 17-Sep-2016,Status,86,240,90,11,232,136,18,57,8,209,28,150,86,40,251,24,1,212,19,200,192,0,32,,,,,,,,,
106746,106746,UT,18:27:47 18-Sep-2016,,,0,41.4190,-69.3920,CRC 202.140,18:27:47 18-Sep-2016,Status,89,80,90,11,200,105,162,82,138,59,206,60,199,67,223,155,90,86,83,55,192,141,239,,,,,,,,,
106746,106746,UT,20:10:38 18-Sep-2016,,,2,41.3800,-69.3930,CRC 138.85,20:10:24 18-Sep-2016,Status,81,80,90,11,232,136,18,57,9,80,166,18,24,42,189,18,1,201,19,216,137,3,59,,,,,,,,,
106746,106746,UT,20:25:20 18-Sep-2016,,,0,41.4120,-69.3900,CRC 158.173,20:30:03 18-Sep-2016,Status,83,208,90,11,232,136,18,57,9,81,224,221,141,18,134,223,152,233,17,197,239,182,210,,,,,,,,,
106746,106746,UT,18:03:09 20-Sep-2016,,,B,41.4510,-69.4030,CRC 15.0,18:03:09 20-Sep-2016,Status,47,122,88,,,,,,,,,,,,,,,,,,,,,,,,,,,,,
106746,106746,UT,19:43:58 20-Sep-2016,,,1,41.4660,-69.3660,CRC 39.105,19:47:47 20-Sep-2016,Status,68,240,90,11,232,136,18,57,10,78,251,206,241,129,33,233,35,159,126,19,14,255,10,,,,,,,,,
106746,106746,UT,17:56:29 21-Sep-2016,,,,,,CRC 5.146,17:56:13 21-Sep-2016,Status,64,176,90,11,232,136,18,57,10,199,131,87,86,47,79,30,1,83,19,194,192,32,2,,,,,,,,,
106746,106746,UT,21:22:27 21-Sep-2016,,,,,,CRC 151.225,21:22:11 21-Sep-2016,Status,82,240,90,11,232,136,26,57,10,213,98,206,148,48,103,20,64,255,51,198,144,0,0,,,,,,,,,
106746,106746,UT,19:20:53 22-Sep-2016,,,0,41.4070,-69.4740,CRC 9.7,19:20:53 22-Sep-2016,Status,73,212,182,,,,,,,,,,,,,,,,,,,,,,,,,,,,,
106746,106746,UT,19:22:38 22-Sep-2016,,,0,41.4070,-69.4740,CRC 98.199,06:22:22 30-Sep-2016,Status,76,80,94,9,236,152,82,189,143,25,101,153,84,49,157,81,94,1,8,233,170,189,193,,,,,,,,,
106746,106746,UT,00:11:08 23-Sep-2016,,,,,,CRC 8.10,00:11:08 23-Sep-2016,Status,24,17,19,,,,,,,,,,,,,,,,,,,,,,,,,,,,,
106746,106746,UT,01:27:40 23-Sep-2016,,,0,41.3180,-69.5880,CRC 1.9,01:27:40 23-Sep-2016,Status,33,39,25,,,,,,,,,,,,,,,,,,,,,,,,,,,,,
106746,106746,UT,16:09:38 23-Sep-2016,,,,,,CRC 209.227,16:09:38 23-Sep-2016,Status,90,48,90,11,232,136,18,57,15,192,149,85,84,114,221,18,1,255,18,198,208,0,32,,,,,,,,,
106746,106746,UT,16:16:50 23-Sep-2016,,,,,,CRC 229.96,20:16:33 23-Sep-2016,Status,92,176,90,11,232,136,18,57,11,209,8,69,150,50,241,20,1,255,18,214,32,64,0,,,,,,,,,
106746,106746,UT,23:25:00 23-Sep-2016,,,0,41.3750,-69.3620,CRC 130.29,23:24:35 23-Sep-2016,Status,80,80,90,11,232,136,18,53,11,221,136,213,18,52,79,22,1,255,18,200,240,128,8,,,,,,,,,
106746,106746,UT,18:47:52 25-Sep-2016,,,B,41.4010,-69.4250,CRC 10.2,18:47:52 25-Sep-2016,Status,10,0,24,,,,,,,,,,,,,,,,,,,,,,,,,,,,,
106746,106746,UT,20:29:23 25-Sep-2016,,,B,41.4310,-69.2960,CRC 10.9,20:29:23 25-Sep-2016,Status,26,17,147,,,,,,,,,,,,,,,,,,,,,,,,,,,,,
106746,106746,UT,20:46:19 25-Sep-2016,,,,,,CRC 0.1,20:46:19 25-Sep-2016,Status,0,226,60,,,,,,,,,,,,,,,,,,,,,,,,,,,,,
106746,106746,UT,22:56:38 25-Sep-2016,,,0,41.4780,-69.3910,CRC 30.183,17:23:18 05-Sep-2016,Status,67,208,90,11,232,51,199,32,66,197,116,130,2,147,99,86,70,132,84,107,50,35,84,,,,,,,,,
106746,106746,UT,18:29:05 26-Sep-2016,,,B,41.2780,-68.7970,CRC 10.2,18:29:05 26-Sep-2016,Status,26,17,27,,,,,,,,,,,,,,,,,,,,,,,,,,,,,
106746,106746,UT,20:21:00 26-Sep-2016,,,0,41.3630,-69.3660,CRC 122.60,21:10:53 20-Sep-2016,Status,79,80,90,11,232,136,18,57,74,84,173,74,213,170,84,171,82,170,11,84,176,174,91,,,,,,,,,
106746,106746,UT,20:24:40 26-Sep-2016,,,0,41.3630,-69.3660,CRC 200.8,20:24:21 26-Sep-2016,Status,89,16,90,11,232,136,18,57,13,81,133,87,215,122,170,40,95,11,10,56,212,212,138,,,,,,,,,
106746,106746,UT,21:00:40 26-Sep-2016,,,0,41.4100,-69.3770,CRC 4.1,21:00:40 26-Sep-2016,Status,36,94,27,,,,,,,,,,,,,,,,,,,,,,,,,,,,,
106746,106746,UT,21:02:52 26-Sep-2016,,,0,41.4100,-69.3770,CRC 209.109,21:02:34 26-Sep-2016,Status,90,48,90,11,232,136,18,57,13,84,40,151,148,57,249,16,1,153,46,52,112,96,0,,,,,,,,,
106746,106746,UT,22:02:16 26-Sep-2016,,,,,,CRC 36.25,22:01:58 26-Sep-2016,Status,68,144,90,11,232,136,18,57,13,88,30,152,86,58,63,18,1,129,19,200,64,9,131,,,,,,,,,
106746,106746,UT,22:02:16 26-Sep-2016,,,0,41.4160,-69.3570,CRC 36.198,22:01:58 26-Sep-2016,Status,68,144,90,11,232,136,18,57,13,88,30,152,86,58,63,19,3,193,19,200,96,57,209,,,,,,,,,
106746,106746,UT,01:23:00 28-Sep-2016,,,1,41.3880,-69.3470,CRC 195.190,21:08:44 30-Sep-2016,Status,88,112,112,50,89,44,176,243,15,84,139,8,119,115,123,12,3,78,39,136,96,0,0,4,220,226,70,127,251,48,89,
106746,106746,UT,01:25:55 28-Sep-2016,,,1,41.3880,-69.3470,CRC 10.8,01:25:55 28-Sep-2016,Status,10,33,29,,,,,,,,,,,,,,,,,,,,,,,,,,,,,
106746,106746,UT,16:08:17 28-Sep-2016,,,,,,CRC 80.190,,,10,0,16,225,129,171,55,64,201,245,83,181,204,10,184,66,144,76,141,,,,,,,,,,,,,
106746,106746,UT,20:38:08 28-Sep-2016,,,,,,CRC 1.12,20:38:08 28-Sep-2016,Status,1,142,243,,,,,,,,,,,,,,,,,,,,,,,,,,,,,
106746,106746,UT,21:12:37 28-Sep-2016,,,3,41.3140,-69.4320,CRC 20.95,21:12:17 28-Sep-2016,Status,66,144,90,11,232,136,18,57,14,84,196,88,84,61,65,16,5,108,138,145,167,145,201,,,,,,,,,
106746,106746,UT,22:23:33 28-Sep-2016,,,,,,CRC 3.13,22:23:33 28-Sep-2016,Status,67,111,14,,,,,,,,,,,,,,,,,,,,,,,,,,,,,
106746,106746,UT,22:38:02 28-Sep-2016,,,0,41.3720,-69.4180,CRC 11.6,,,155,110,80,,,,,,,,,,,,,,,,,,,,,,,,,,,,,
106746,106746,UT,22:40:22 28-Sep-2016,,,0,41.3720,-69.4180,CRC 35.3,22:40:22 28-Sep-2016,Status,68,112,90,9,104,11,204,194,120,234,140,74,10,254,68,49,0,233,241,227,112,0,0,,,,,,,,,
106746,106746,UT,18:01:04 29-Sep-2016,,,,,,CRC 6.2,18:01:04 29-Sep-2016,Status,70,90,68,,,,,,,,,,,,,,,,,,,,,,,,,,,,,
106746,106746,UT,23:44:05 29-Sep-2016,,,1,41.3900,-69.3520,CRC 32.153,23:43:45 29-Sep-2016,Status,68,16,90,11,232,136,18,57,14,222,187,87,216,63,173,20,3,249,19,198,16,0,0,,,,,,,,,
106746,106746,UT,23:48:32 29-Sep-2016,,,0,41.3960,-69.3390,CRC 10.2,23:48:32 29-Sep-2016,Status,10,0,24,,,,,,,,,,,,,,,,,,,,,,,,,,,,,
106746,106746,UT,23:49:22 29-Sep-2016,,,0,41.3720,-69.3440,CRC 233.23,23:51:02 29-Sep-2016,Status,93,48,90,11,232,136,18,57,14,223,48,151,150,63,183,14,1,247,19,198,0,0,0,,,,,,,,,
106746,106746,UT,23:53:28 29-Sep-2016,,,0,41.3720,-69.3440,CRC 40.75,23:53:07 29-Sep-2016,Status,69,16,90,11,232,136,18,57,14,223,81,217,22,63,193,19,1,199,134,31,255,255,207,,,,,,,,,
106746,106746,UT,01:29:57 30-Sep-2016,,,0,41.3960,-69.8250,CRC 155.80,01:29:36 30-Sep-2016,Status,83,112,90,11,232,136,18,57,15,5,217,18,216,64,67,60,95,185,32,156,56,206,123,,,,,,,,,
106746,106746,UT,21:53:49 30-Sep-2016,,,A,41.3370,-68.8690,CRC 1.8,21:53:49 30-Sep-2016,Status,1,121,116,,,,,,,,,,,,,,,,,,,,,,,,,,,,,
106746,106746,UT,21:58:11 30-Sep-2016,,,,,,CRC 13.1,21:58:11 30-Sep-2016,Status,45,245,36,,,,,,,,,,,,,,,,,,,,,,,,,,,,,
106746,106746,UT,22:04:23 30-Sep-2016,,,,,,CRC 58.254,22:04:02 30-Sep-2016,Status,71,80,90,11,232,136,18,57,15,88,64,149,212,65,251,228,248,218,39,23,222,154,173,,,,,,,,,
106746,106746,UT,17:42:08 01-Oct-2016,,,,,,CRC 11.14,17:42:08 01-Oct-2016,Status,11,28,104,,,,,,,,,,,,,,,,,,,,,,,,,,,,,
106746,106746,UT,16:24:20 02-Oct-2016,,,A,41.4270,-69.3880,CRC 14.11,,,14,70,4,,,,,,,,,,,,,,,,,,,,,,,,,,,,,
106746,106746,UT,17:27:31 02-Oct-2016,,,B,41.3570,-69.5420,CRC 7.6,17:27:31 02-Oct-2016,Status,39,67,192,,,,,,,,,,,,,,,,,,,,,,,,,,,,,
106746,106746,UT,21:31:55 02-Oct-2016,,,,,,,,,10,0,0,,,,,,,,,,,,,,,,,,,,,,,,,,,,,
106746,106746,UT,18:51:18 03-Oct-2016,,,,,,CRC 3.10,18:51:18 03-Oct-2016,Status,67,31,66,,,,,,,,,,,,,,,,,,,,,,,,,,,,,
106746,106746,UT,19:02:28 03-Oct-2016,,,,,,CRC 10.7,19:02:28 03-Oct-2016,Status,26,153,147,,,,,,,,,,,,,,,,,,,,,,,,,,,,,
106746,106746,UT,20:25:59 04-Oct-2016,,,,,,CRC 10.14,20:25:59 04-Oct-2016,Status,26,21,51,,,,,,,,,,,,,,,,,,,,,,,,,,,,,
106746,106746,UT,20:27:27 04-Oct-2016,,,,,,CRC 4.0,20:27:27 04-Oct-2016,Status,68,80,4,,,,,,,,,,,,,,,,,,,,,,,,,,,,,
106746,106746,UT,20:25:13 04-Oct-2016,,,0,41.5170,-69.4960,CRC 216.87,12:51:12 06-Oct-2016,Status,91,16,90,11,57,137,142,102,51,51,51,50,108,76,220,204,110,180,153,153,100,155,98,,,,,,,,,
106746,106746,UT,21:10:12 04-Oct-2016,,,B,41.5030,-69.4800,,,,100,62,26,,,,,,,,,,,,,,,,,,,,,,,,,,,,,
106746,106746,UT,22:30:46 06-Oct-2016,,,B,41.3400,-68.8070,CRC 247.82,20:31:24 07-Oct-2016,Status,94,240,90,11,236,154,18,57,3,209,246,29,10,88,162,174,60,182,102,23,230,91,229,,,,,,,,,
106746,106746,UT,11:03:55 07-Oct-2016,,,,,,CRC 10.2,11:03:55 07-Oct-2016,Status,26,17,27,,,,,,,,,,,,,,,,,,,,,,,,,,,,,
106746,106746,UT,16:04:57 08-Oct-2016,,,0,41.2370,-69.3320,CRC 0.4,16:04:57 08-Oct-2016,Status,32,17,40,,,,,,,,,,,,,,,,,,,,,,,,,,,,,
106746,106746,UT,19:37:40 08-Oct-2016,,,0,41.2330,-69.3790,CRC 14.13,19:37:40 08-Oct-2016,Status,78,70,5,,,,,,,,,,,,,,,,,,,,,,,,,,,,,
106746,106746,UT,19:43:02 08-Oct-2016,,,0,41.2330,-69.3790,CRC 238.21,19:42:36 08-Oct-2016,Status,93,208,90,11,232,136,18,57,4,78,169,22,150,81,155,16,66,157,226,75,183,64,79,,,,,,,,,
106746,106746,UT,19:45:11 08-Oct-2016,,,0,41.2330,-69.3790,CRC 13.7,19:45:11 08-Oct-2016,Status,77,72,17,,,,,,,,,,,,,,,,,,,,,,,,,,,,,
106746,106746,UT,20:26:02 08-Oct-2016,,,B,41.2300,-69.3990,CRC 10.9,20:26:02 08-Oct-2016,Status,10,0,176,,,,,,,,,,,,,,,,,,,,,,,,,,,,,
106746,106746,UT,20:26:02 08-Oct-2016,,,,,,CRC 10.2,20:26:02 08-Oct-2016,Status,10,0,24,,,,,,,,,,,,,,,,,,,,,,,,,,,,,
106746,106746,UT,17:51:15 09-Oct-2016,,,B,41.4830,-69.1980,CRC 0.6,17:51:15 09-Oct-2016,Status,32,102,62,,,,,,,,,,,,,,,,,,,,,,,,,,,,,
106746,106746,UT,00:38:56 10-Oct-2016,,,,,,CRC 10.12,00:38:56 10-Oct-2016,Status,10,128,16,,,,,,,,,,,,,,,,,,,,,,,,,,,,,
106746,106746,UT,23:19:42 10-Oct-2016,,,,,,CRC 11.12,23:19:42 10-Oct-2016,Status,27,145,19,,,,,,,,,,,,,,,,,,,,,,,,,,,,,
106746,106746,UT,01:04:19 11-Oct-2016,,,1,41.2010,-69.3290,CRC 27.105,01:03:52 11-Oct-2016,Status,67,112,90,11,232,136,18,57,5,132,61,21,150,85,81,16,65,175,153,115,60,11,79,,,,,,,,,
106746,106746,UT,01:07:15 11-Oct-2016,,,1,41.2010,-69.3290,CRC 10.13,01:07:15 11-Oct-2016,Status,10,1,255,,,,,,,,,,,,,,,,,,,,,,,,,,,,,
106746,106746,UT,01:08:41 11-Oct-2016,,,1,41.2010,-69.3290,CRC 11.10,01:08:41 11-Oct-2016,Status,27,17,19,,,,,,,,,,,,,,,,,,,,,,,,,,,,,
106746,106746,UT,02:47:06 11-Oct-2016,,,0,41.1230,-69.4000,CRC 24.13,02:47:06 11-Oct-2016,Status,67,16,90,11,232,8,23,145,186,96,0,254,89,89,186,185,82,97,133,134,148,169,93,,,,,,,,,
106746,106746,UT,17:28:38 11-Oct-2016,,,B,41.1980,-69.3350,CRC 4.1,17:28:38 11-Oct-2016,Status,36,93,175,,,,,,,,,,,,,,,,,,,,,,,,,,,,,
106746,106746,UT,23:07:18 11-Oct-2016,,,1,41.3100,-69.2190,CRC 114.73,23:06:50 11-Oct-2016,Status,78,80,90,11,232,136,18,57,5,220,108,152,214,87,149,127,254,214,210,228,208,8,49,,,,,,,,,
106746,106746,UT,23:11:03 11-Oct-2016,,,1,41.3100,-69.2190,CRC 89.16,07:03:44 15-Oct-2016,Status,75,48,90,14,22,231,112,196,71,156,59,62,11,195,24,243,225,119,20,196,32,0,0,,,,,,,,,
106746,106746,UT,23:14:14 11-Oct-2016,,,1,41.3100,-69.2190,CRC 10.2,,,10,32,8,,,,,,,,,,,,,,,,,,,,,,,,,,,,,
106746,106746,UT,23:15:12 11-Oct-2016,,,1,41.3100,-69.2190,CRC 227.231,23:15:12 11-Oct-2016,Status,92,112,90,11,168,128,10,57,1,252,234,86,85,87,169,14,1,38,93,182,144,106,145,,,,,,,,,
106746,106746,UT,17:17:27 12-Oct-2016,,,0,41.1960,-69.3280,CRC 225.248,17:16:59 12-Oct-2016,Status,92,52,88,11,232,136,18,57,6,69,14,217,245,89,26,161,132,212,145,102,201,219,54,,,,,,,,,
106746,106746,UT,18:47:51 12-Oct-2016,,,0,41.2280,-69.2930,CRC 93.231,18:47:23 12-Oct-2016,Status,75,176,90,11,232,136,18,57,6,74,245,217,214,88,227,22,1,100,20,197,128,0,9,,,,,,,,,
106746,106746,UT,18:59:10 12-Oct-2016,,,0,41.2280,-69.2930,CRC 251.148,18:59:10 12-Oct-2016,Status,95,112,90,11,232,136,7,5,76,104,36,213,100,56,115,153,104,95,134,138,150,24,63,,,,,,,,,
106746,106746,UT,20:27:03 12-Oct-2016,,,A,41.2810,-69.5370,CRC 0.12,20:27:03 12-Oct-2016,Status,0,178,247,,,,,,,,,,,,,,,,,,,,,,,,,,,,,
106746,106746,UT,16:00:30 13-Oct-2016,,,,,,CRC 10.12,16:00:30 13-Oct-2016,Status,26,145,19,,,,,,,,,,,,,,,,,,,,,,,,,,,,,
106746,106746,UT,16:59:15 13-Oct-2016,,,,,,CRC 3.6,16:59:15 13-Oct-2016,Status,35,56,45,,,,,,,,,,,,,,,,,,,,,,,,,,,,,
106746,106746,UT,17:01:29 13-Oct-2016,,,,,,CRC 112.92,17:01:00 13-Oct-2016,Status,78,16,90,11,232,136,18,57,6,196,16,22,212,90,121,12,1,197,20,199,208,0,0,,,,,,,,,
106746,106746,UT,18:38:36 13-Oct-2016,,,,,,CRC 1.4,,,1,101,4,,,,,,,,,,,,,,,,,,,,,,,,,,,,,
106746,106746,UT,18:42:14 13-Oct-2016,,,,,,CRC 4.6,,,228,108,52,,,,,,,,,,,,,,,,,,,,,,,,,,,,,
106746,106746,UT,18:48:13 13-Oct-2016,,,,,,CRC 189.144,18:47:44 13-Oct-2016,Status,87,176,90,11,232,136,18,57,6,202,251,24,82,91,135,16,1,168,20,197,224,25,64,,,,,,,,,
106746,106746,UT,00:19:13 15-Oct-2016,,,,,,CRC 13.8,,,109,81,46,,,,,,,,,,,,,,,,,,,,,,,,,,,,,
106746,106746,UT,22:08:23 15-Oct-2016,,,B,41.3870,-68.8730,CRC 38.72,22:08:23 15-Oct-2016,Status,68,192,94,11,42,15,150,206,71,216,125,82,212,95,71,16,1,251,20,195,208,0,0,,,,,,,,,
106746,106746,UT,22:09:07 15-Oct-2016,,,B,41.3870,-68.8730,CRC 10.0,22:09:07 15-Oct-2016,Status,26,19,19,,,,,,,,,,,,,,,,,,,,,,,,,,,,,
106746,106746,UT,22:33:34 15-Oct-2016,,,0,41.3570,-69.3820,CRC 73.172,05:37:41 08-Oct-2016,Status,73,49,180,141,8,22,236,41,4,22,90,123,125,70,71,133,38,113,164,215,165,228,244,,,,,,,,,
106746,106746,UT,23:22:22 15-Oct-2016,,,A,41.5080,-69.5920,CRC 4.10,23:22:22 15-Oct-2016,Status,36,241,113,,,,,,,,,,,,,,,,,,,,,,,,,,,,,
106746,106746,UT,23:23:06 15-Oct-2016,,,A,41.5080,-69.5920,CRC 9.15,23:23:06 15-Oct-2016,Status,73,60,4,,,,,,,,,,,,,,,,,,,,,,,,,,,,,
106746,106746,UT,23:24:38 15-Oct-2016,,,A,41.5080,-69.5920,CRC 48.193,,,6,17,57,66,31,117,116,105,151,249,82,149,108,93,104,76,127,212,217,246,79,40,59,,,,,,,,,
106746,106746,UT,22:03:05 16-Oct-2016,,,,,,CRC 115.159,06:13:26 12-Oct-2016,Status,78,112,91,116,161,182,214,93,118,24,214,170,103,19,162,216,52,225,66,147,74,99,180,,,,,,,,,
106746,106746,UT,23:23:40 16-Oct-2016,,,,,,CRC 13.10,,,109,27,79,,,,,,,,,,,,,,,,,,,,,,,,,,,,,
106746,106746,UT,16:15:12 17-Oct-2016,,,,,,CRC 13.1,16:15:12 17-Oct-2016,Status,45,229,52,,,,,,,,,,,,,,,,,,,,,,,,,,,,,
106746,106746,UT,19:26:56 18-Oct-2016,,,B,40.8540,-68.9190,CRC 66.245,19:18:54 18-Oct-2016,Status,72,80,90,11,232,136,18,57,9,77,45,152,142,41,108,140,171,106,69,241,106,190,2,,,,,,,,,
106746,106746,UT,21:46:51 18-Oct-2016,,,1,40.7140,-68.7570,CRC 7.6,15:37:19 07-Oct-2016,Status,64,240,93,155,221,81,135,237,147,190,84,200,226,195,30,100,214,152,212,185,229,77,221,,,,,,,,,
106746,106746,UT,13:55:59 19-Oct-2016,,,B,40.4370,-68.7910,CRC 132.216,13:55:27 19-Oct-2016,Status,80,144,90,11,232,136,18,57,9,183,118,218,150,101,55,20,1,169,19,198,204,207,125,,,,,,,,,
106746,106746,UT,20:29:19 20-Oct-2016,,,,,,CRC 169.238,20:29:19 20-Oct-2016,Status,85,48,90,11,232,136,19,40,24,79,79,39,10,227,124,106,73,72,3,233,37,87,156,,,,,,,,,
106746,106746,UT,20:44:39 20-Oct-2016,,,B,40.0640,-69.3790,CRC 227.193,04:44:38 04-Oct-2016,Status,92,112,90,11,232,136,146,57,2,18,201,148,84,102,79,19,1,158,19,203,240,0,0,,,,,,,,,
106746,106746,UT,22:00:43 20-Oct-2016,,,,,,CRC 167.158,11:20:50 16-Oct-2016,Status,84,240,90,11,232,136,18,57,8,45,76,147,73,216,19,8,71,159,69,45,164,172,104,,,,,,,,,
106746,106746,UT,22:04:47 20-Oct-2016,,,,,,CRC 180.223,22:04:47 20-Oct-2016,Status,86,144,90,11,232,136,18,57,10,101,44,202,26,109,239,45,48,54,109,171,65,164,145,,,,,,,,,
106746,106746,UT,21:35:25 21-Oct-2016,,,,,,CRC 223.173,21:34:52 21-Oct-2016,Status,91,240,90,11,232,136,18,57,10,214,45,26,84,104,67,18,1,223,17,203,80,0,165,,,,,,,,,
106746,106746,UT,12:54:17 22-Oct-2016,,,,,,CRC 235.29,12:53:44 22-Oct-2016,Status,93,112,90,11,232,136,18,57,11,51,91,22,84,104,207,8,0,226,207,88,104,51,168,,,,,,,,,
106746,106746,UT,12:54:17 22-Oct-2016,,,,,,CRC 235.7,12:53:44 22-Oct-2016,Status,93,112,90,11,232,136,18,57,11,51,91,22,84,104,203,8,1,116,194,24,27,66,74,,,,,,,,,
106746,106746,UT,22:42:08 22-Oct-2016,,,0,40.3900,-70.0870,CRC 10.3,22:42:08 22-Oct-2016,Status,10,33,20,,,,,,,,,,,,,,,,,,,,,,,,,,,,,
106746,106746,UT,01:52:10 23-Oct-2016,,,,,,CRC 145.7,01:52:10 23-Oct-2016,Status,82,48,90,12,85,203,223,206,11,235,85,62,232,23,207,116,2,76,35,147,64,0,0,,,,,,,,,
106746,106746,UT,07:05:40 23-Oct-2016,,,0,40.4530,-69.9800,CRC 32.1,07:05:11 23-Oct-2016,Status,68,16,90,11,232,136,18,57,11,156,82,240,84,112,206,161,164,123,127,64,120,251,60,,,,,,,,,
106746,106746,UT,09:06:21 23-Oct-2016,,,B,40.4900,-70.1130,CRC 10.0,,,186,99,36,,,,,,,,,,,,,,,,,,,,,,,,,,,,,
106746,106746,UT,21:19:19 23-Oct-2016,,,,,,CRC 8.10,21:19:19 23-Oct-2016,Status,8,0,16,,,,,,,,,,,,,,,,,,,,,,,,,,,,,
106746,106746,UT,22:59:44 23-Oct-2016,,,1,40.3450,-69.4870,CRC 39.123,22:59:11 23-Oct-2016,Status,68,240,90,11,232,136,18,57,11,219,178,212,22,108,83,14,3,177,9,226,127,255,191,,,,,,,,,
106746,106746,UT,00:12:58 24-Oct-2016,,,B,40.3440,-69.4710,CRC 3.7,00:12:58 24-Oct-2016,Status,67,123,4,,,,,,,,,,,,,,,,,,,,,,,,,,,,,
106746,106746,UT,00:38:08 24-Oct-2016,,,A,40.3290,-69.2780,CRC 15.19,00:37:35 24-Oct-2016,Status,65,240,90,11,232,136,16,57,12,2,88,219,20,108,193,14,1,164,17,199,160,0,0,,,,,,,,,
106746,106746,UT,18:23:01 24-Oct-2016,,,0,40.5570,-68.9790,CRC 89.45,18:22:25 24-Oct-2016,Status,75,48,90,11,232,136,18,57,12,73,102,95,130,108,55,8,31,120,254,31,223,255,255,,,,,,,,,
106746,106746,UT,00:05:35 25-Oct-2016,,,,,,CRC 221.229,00:05:01 25-Oct-2016,Status,91,176,90,11,232,136,18,57,12,128,80,86,22,109,37,4,1,148,26,198,183,207,18,,,,,,,,,
106746,106746,UT,23:36:38 25-Oct-2016,,,0,40.8300,-68.9340,CRC 38.175,19:41:29 25-Oct-2016,Status,68,208,90,11,232,136,18,57,12,206,151,100,24,1,162,112,97,189,13,56,122,238,41,,,,,,,,,
106746,106746,UT,23:37:21 25-Oct-2016,,,0,40.8300,-68.9340,CRC 10.6,23:37:21 25-Oct-2016,Status,26,17,23,,,,,,,,,,,,,,,,,,,,,,,,,,,,,
106746,106746,UT,22:32:52 27-Oct-2016,,,,,,CRC 10.6,22:32:52 27-Oct-2016,Status,10,4,24,,,,,,,,,,,,,,,,,,,,,,,,,,,,,
106746,106746,UT,00:11:24 28-Oct-2016,,,0,41.3080,-69.1760,CRC 147.184,23:09:04 17-Oct-2016,Status,82,112,90,11,200,152,2,57,8,220,145,0,32,28,123,6,53,59,67,179,14,181,30,,,,,,,,,
106746,106746,UT,00:16:04 28-Oct-2016,,,0,41.3080,-69.1760,CRC 55.27,00:15:28 28-Oct-2016,Status,70,240,90,11,232,136,18,57,14,0,247,21,20,118,147,10,66,92,220,131,15,128,111,,,,,,,,,
106746,106746,UT,00:16:51 28-Oct-2016,,,0,41.3080,-69.1760,CRC 1.10,00:16:51 28-Oct-2016,Status,17,89,155,,,,,,,,,,,,,,,,,,,,,,,,,,,,,
106746,106746,UT,00:11:24 28-Oct-2016,,,1,41.3080,-69.1660,CRC 147.148,02:10:47 04-Oct-2016,Status,82,112,90,11,232,152,18,57,2,8,171,249,107,40,24,80,141,192,155,228,144,112,115,,,,,,,,,
106746,106746,UT,00:16:04 28-Oct-2016,,,1,41.3080,-69.1660,CRC 55.26,00:15:28 28-Oct-2016,Status,70,240,90,11,232,136,18,57,14,0,247,21,20,114,147,4,12,121,95,227,37,233,207,,,,,,,,,
106746,106746,UT,00:19:51 28-Oct-2016,,,1,41.3080,-69.1660,CRC 123.134,00:19:16 28-Oct-2016,Status,79,112,90,11,232,136,18,57,14,1,52,20,214,114,157,10,1,242,41,90,197,6,57,,,,,,,,,
106746,106746,UT,01:06:07 28-Oct-2016,,,B,41.3370,-69.2110,CRC 107.134,22:19:46 01-Nov-2016,Status,77,112,90,11,248,19,76,228,48,217,59,146,130,64,210,216,24,244,114,189,176,234,209,,,,,,,,,
106746,106746,UT,01:49:59 28-Oct-2016,,,0,41.3590,-69.1700,CRC 10.9,01:49:59 28-Oct-2016,Status,10,0,17,,,,,,,,,,,,,,,,,,,,,,,,,,,,,
106746,106746,UT,01:55:26 28-Oct-2016,,,0,41.3590,-69.1700,CRC 15.9,01:55:26 28-Oct-2016,Status,15,44,164,,,,,,,,,,,,,,,,,,,,,,,,,,,,,
106746,106746,UT,01:56:54 28-Oct-2016,,,0,41.3590,-69.1700,CRC 8.15,01:56:54 28-Oct-2016,Status,72,38,26,,,,,,,,,,,,,,,,,,,,,,,,,,,,,
106746,106746,UT,01:58:21 28-Oct-2016,,,0,41.3590,-69.1700,CRC 35.215,01:57:46 28-Oct-2016,Status,68,112,90,9,232,136,18,57,14,7,155,149,84,115,70,6,0,77,85,28,244,207,119,,,,,,,,,
106746,106746,UT,17:30:30 28-Oct-2016,,,1,41.2360,-69.2790,CRC 249.120,17:29:54 28-Oct-2016,Status,95,48,90,11,232,136,18,57,14,69,221,145,154,116,95,12,1,169,105,204,221,231,234,,,,,,,,,
106746,106746,UT,17:34:54 28-Oct-2016,,,1,41.2360,-69.2790,CRC 239.154,17:34:54 28-Oct-2016,Status,93,240,90,11,232,136,18,57,14,103,249,167,233,129,240,201,163,38,255,235,48,218,122,,,,,,,,,
106746,106746,UT,19:17:33 28-Oct-2016,,,3,41.1650,-69.2800,CRC 198.223,19:16:57 28-Oct-2016,Status,88,208,94,11,232,136,18,57,14,77,14,88,22,117,69,10,1,183,21,194,48,0,0,,,,,,,,,
106746,106746,UT,09:00:05 30-Oct-2016,,,2,40.1440,-69.1530,CRC 107.188,08:59:28 30-Oct-2016,Status,77,112,90,11,232,136,18,57,15,35,183,29,217,1,57,232,232,122,239,193,222,85,83,,,,,,,,,
106746,106746,UT,07:10:20 31-Oct-2016,,,0,40.0090,-69.6670,CRC 69.255,07:10:20 31-Oct-2016,Status,72,189,198,237,174,93,22,156,145,176,106,127,132,71,7,135,131,199,143,30,28,60,120,,,,,,,,,
106746,106746,UT,08:21:09 31-Oct-2016,,,B,40.0620,-69.6490,CRC 26.98,14:53:57 05-Oct-2016,Status,67,80,29,38,146,122,99,147,178,187,94,114,205,169,111,27,53,116,178,215,33,185,146,,,,,,,,,
106746,106746,UT,21:02:20 31-Oct-2016,,,,,,CRC 8.0,21:02:20 31-Oct-2016,Status,40,186,59,,,,,,,,,,,,,,,,,,,,,,,,,,,,,
106746,106746,UT,22:44:38 31-Oct-2016,,,,,,CRC 10.0,22:44:38 31-Oct-2016,Status,26,17,196,,,,,,,,,,,,,,,,,,,,,,,,,,,,,
106746,106746,UT,02:09:12 01-Nov-2016,,,B,40.1380,-70.3250,CRC 144.145,05:45:24 26-Nov-2016,Status,82,16,90,11,241,23,160,107,61,22,214,61,152,74,161,39,165,169,180,83,142,225,227,,,,,,,,,
106746,106746,UT,16:04:16 01-Nov-2016,,,B,40.2670,-70.6970,Length 23?,,Fast-GPS,127,50,153,10,185,72,179,163,231,16,222,128,224,25,188,28,94,26,91,176,113,158,49,,,,,,,,,
106746,106746,UT,22:09:11 01-Nov-2016,,,B,40.3470,-70.9440,CRC 176.231,22:09:11 01-Nov-2016,Status,86,16,90,11,232,136,24,219,128,15,8,151,134,126,159,208,22,56,146,20,199,218,148,,,,,,,,,
106746,106746,UT,10:52:39 02-Nov-2016,,,A,40.4920,-71.2920,CRC 10.6,,,138,0,146,,,,,,,,,,,,,,,,,,,,,,,,,,,,,
106746,106746,UT,10:54:07 02-Nov-2016,,,A,40.4920,-71.2920,CRC 10.6,10:54:07 02-Nov-2016,Status,26,101,235,,,,,,,,,,,,,,,,,,,,,,,,,,,,,
106746,106746,UT,01:33:40 03-Nov-2016,,,,,,CRC 8.7,01:33:03 03-Nov-2016,Status,65,16,90,11,232,136,18,57,1,134,16,214,154,176,166,23,201,54,76,49,125,196,216,,,,,,,,,
106746,106746,UT,19:41:17 03-Nov-2016,,,,,,CRC 10.8,,,10,0,14,,,,,,,,,,,,,,,,,,,,,,,,,,,,,
106746,106746,UT,21:18:28 03-Nov-2016,,,0,40.7530,-71.8300,CRC 237.218,21:17:49 03-Nov-2016,Status,93,176,90,11,232,136,18,57,1,213,28,88,214,123,213,12,1,141,18,198,50,211,206,,,,,,,,,
106746,106746,UT,23:43:51 03-Nov-2016,,,B,40.8030,-71.8210,CRC 111.104,23:43:12 03-Nov-2016,Status,77,240,90,11,232,136,18,57,1,222,179,24,86,124,57,8,1,131,18,198,32,0,1,,,,,,,,,
106746,106746,UT,17:53:53 04-Nov-2016,,,A,40.6800,-71.5260,CRC 6.5,17:53:53 04-Nov-2016,Status,70,110,5,,,,,,,,,,,,,,,,,,,,,,,,,,,,,
106746,106746,UT,17:57:48 04-Nov-2016,,,A,40.6800,-71.5260,CRC 10.2,17:57:48 04-Nov-2016,Status,26,25,19,,,,,,,,,,,,,,,,,,,,,,,,,,,,,
106746,106746,UT,00:29:09 06-Nov-2016,,,B,40.8160,-71.7670,CRC 77.182,00:28:29 06-Nov-2016,Status,73,176,90,11,232,136,18,57,3,1,199,87,20,127,39,10,1,109,19,70,178,66,123,,,,,,,,,
106746,106746,UT,02:03:36 06-Nov-2016,,,A,40.8390,-71.7150,CRC 15.3,02:03:36 06-Nov-2016,Status,79,8,173,,,,,,,,,,,,,,,,,,,,,,,,,,,,,
106746,106746,UT,08:39:03 06-Nov-2016,,,,,,CRC 85.209,08:38:07 06-Nov-2016,Status,74,176,82,11,232,136,18,57,3,34,97,208,216,128,61,12,1,72,51,198,80,5,128,,,,,,,,,
106746,106746,UT,22:26:03 06-Nov-2016,,,0,40.9390,-71.7910,CRC 10.13,22:26:03 06-Nov-2016,Status,10,0,109,,,,,,,,,,,,,,,,,,,,,,,,,,,,,
106746,106746,UT,23:06:25 06-Nov-2016,,,1,40.9410,-71.7850,CRC 13.15,23:06:25 06-Nov-2016,Status,93,98,246,,,,,,,,,,,,,,,,,,,,,,,,,,,,,
106746,106746,UT,00:03:59 07-Nov-2016,,,A,40.9430,-71.7810,CRC 10.12,00:03:59 07-Nov-2016,Status,10,128,16,,,,,,,,,,,,,,,,,,,,,,,,,,,,,
106746,106746,UT,01:39:48 07-Nov-2016,,,,,,CRC 5.15,01:39:48 07-Nov-2016,Status,37,176,64,,,,,,,,,,,,,,,,,,,,,,,,,,,,,
106746,106746,UT,01:41:59 07-Nov-2016,,,,,,CRC 215.109,01:41:18 07-Nov-2016,Status,90,240,90,11,232,136,18,57,3,134,148,150,197,241,151,183,114,151,183,244,166,138,93,,,,,,,,,
106746,106746,UT,03:30:25 07-Nov-2016,,,,,,CRC 227.10,11:30:04 27-Nov-2016,Status,92,112,90,11,232,128,146,33,205,173,225,5,185,183,0,72,164,177,56,159,253,217,71,,,,,,,,,
106746,106746,UT,18:56:39 07-Nov-2016,,,A,40.7470,-72.1070,CRC 6.5,18:56:39 07-Nov-2016,Status,38,67,193,,,,,,,,,,,,,,,,,,,,,,,,,,,,,
106746,106746,UT,07:19:34 08-Nov-2016,,,,,,CRC 3.6,07:19:34 08-Nov-2016,Status,35,146,208,,,,,,,,,,,,,,,,,,,,,,,,,,,,,
106746,106746,UT,09:32:23 08-Nov-2016,,,B,40.7860,-71.6550,CRC 51.211,09:31:41 08-Nov-2016,Status,70,112,90,11,232,136,18,57,4,37,250,86,20,131,203,47,74,187,67,19,132,65,80,,,,,,,,,
106746,106746,UT,02:24:31 10-Nov-2016,,,A,40.9320,-71.6400,CRC 146.183,17:20:20 02-Nov-2016,Status,82,80,90,11,232,136,18,57,1,69,69,48,171,253,220,73,128,59,131,207,101,196,27,,,,,,,,,
106746,106746,UT,06:57:32 10-Nov-2016,,,,,,CRC 15.2,,,15,91,4,,,,,,,,,,,,,,,,,,,,,,,,,,,,,
106746,106746,UT,07:00:29 10-Nov-2016,,,,,,CRC 0.15,07:00:29 10-Nov-2016,Status,0,242,70,,,,,,,,,,,,,,,,,,,,,,,,,,,,,
106746,106746,UT,07:01:20 10-Nov-2016,,,,,,CRC 4.10,07:01:20 10-Nov-2016,Status,4,132,207,,,,,,,,,,,,,,,,,,,,,,,,,,,,,
106746,106746,UT,22:25:41 10-Nov-2016,,,0,40.9520,-71.6310,CRC 75.143,07:53:41 20-Nov-2016,Status,73,112,90,10,211,250,22,26,202,31,90,97,197,190,141,135,130,74,134,84,34,131,149,,,,,,,,,
106746,106746,UT,00:19:20 11-Nov-2016,,,,,,CRC 14.9,00:19:20 11-Nov-2016,Status,14,23,40,,,,,,,,,,,,,,,,,,,,,,,,,,,,,
106746,106746,UT,01:16:40 11-Nov-2016,,,,,,CRC 15.168,01:16:40 11-Nov-2016,Status,65,240,90,11,232,136,18,57,5,140,207,71,217,157,88,227,88,138,238,91,225,202,126,,,,,,,,,
106746,106746,UT,02:54:44 11-Nov-2016,,,,,,CRC 38.167,04:08:07 03-Nov-2016,Status,68,208,90,11,232,10,18,136,225,144,129,243,48,94,16,125,32,157,176,27,27,247,246,,,,,,,,,
106746,106746,UT,00:00:58 12-Nov-2016,,,A,40.7250,-71.3710,CRC 8.14,00:00:58 12-Nov-2016,Status,40,38,71,,,,,,,,,,,,,,,,,,,,,,,,,,,,,
106746,106746,UT,13:57:01 12-Nov-2016,,,0,40.9370,-71.2610,CRC 140.44,07:19:53 16-Nov-2016,Status,81,144,90,11,232,136,18,57,8,29,61,83,180,199,228,168,197,25,107,62,31,255,255,,,,,,,,,
106746,106746,UT,18:01:54 12-Nov-2016,,,,,,CRC 184.219,15:32:31 15-Nov-2016,Status,87,16,75,144,208,176,196,114,71,190,7,231,5,114,201,206,134,25,197,51,214,0,95,,,,,,,,,
106746,106746,UT,06:21:40 13-Nov-2016,,,,,,CRC 2.13,06:21:40 13-Nov-2016,Status,34,71,100,,,,,,,,,,,,,,,,,,,,,,,,,,,,,
106746,106746,UT,09:44:02 13-Nov-2016,,,,,,CRC 10.13,09:44:02 13-Nov-2016,Status,26,231,246,,,,,,,,,,,,,,,,,,,,,,,,,,,,,
106746,106746,UT,09:52:39 13-Nov-2016,,,0,40.8110,-71.2860,CRC 162.249,09:52:39 13-Nov-2016,Status,84,80,90,11,232,136,18,57,135,173,207,72,1,128,104,92,157,72,113,73,183,80,91,,,,,,,,,
106746,106746,UT,09:55:41 13-Nov-2016,,,0,40.8110,-71.2860,CRC 10.1,09:55:41 13-Nov-2016,Status,10,13,46,,,,,,,,,,,,,,,,,,,,,,,,,,,,,
106746,106746,UT,09:58:02 13-Nov-2016,,,0,40.8110,-71.2860,CRC 12.7,09:58:02 13-Nov-2016,Status,44,168,16,,,,,,,,,,,,,,,,,,,,,,,,,,,,,
106746,106746,UT,10:00:31 13-Nov-2016,,,0,40.8110,-71.2860,CRC 228.246,09:59:47 13-Nov-2016,Status,92,144,90,11,232,136,18,57,6,167,187,213,214,157,72,252,146,77,182,219,38,217,182,,,,,,,,,
106746,106746,UT,23:16:26 14-Nov-2016,,,,,,CRC 10.8,23:16:26 14-Nov-2016,Status,26,16,207,,,,,,,,,,,,,,,,,,,,,,,,,,,,,
106746,106746,UT,00:43:15 15-Nov-2016,,,0,40.9340,-71.7360,CRC 207.159,19:06:25 19-Nov-2016,Status,89,240,90,25,204,204,83,51,57,204,102,102,102,103,51,153,57,156,238,103,25,153,153,,,,,,,,,
106746,106746,UT,00:44:00 15-Nov-2016,,,0,40.9340,-71.7360,CRC 10.3,00:44:00 15-Nov-2016,Status,26,19,211,,,,,,,,,,,,,,,,,,,,,,,,,,,,,
106746,106746,UT,10:02:15 15-Nov-2016,,,,,,CRC 9.13,10:02:15 15-Nov-2016,Status,73,73,20,,,,,,,,,,,,,,,,,,,,,,,,,,,,,
106746,106746,UT,17:33:27 15-Nov-2016,,,0,40.7180,-71.8500,CRC 32.148,17:32:42 15-Nov-2016,Status,68,16,90,11,232,136,18,57,7,198,10,151,212,144,45,10,5,88,19,197,48,0,0,,,,,,,,,
106746,106746,UT,22:56:42 15-Nov-2016,,,0,40.8750,-71.5830,CRC 2.15,22:56:42 15-Nov-2016,Status,34,200,121,,,,,,,,,,,,,,,,,,,,,,,,,,,,,
106746,106746,UT,22:09:13 16-Nov-2016,,,A,40.9590,-71.6450,CRC 186.97,22:08:27 16-Nov-2016,Status,87,80,90,11,232,136,18,57,8,88,134,218,212,146,65,4,1,51,19,204,33,0,0,,,,,,,,,
106746,106746,UT,22:12:19 16-Nov-2016,,,A,40.9590,-71.6450,CRC 10.12,22:12:19 16-Nov-2016,Status,74,194,4,,,,,,,,,,,,,,,,,,,,,,,,,,,,,
106746,106746,UT,22:30:20 16-Nov-2016,,,,,,CRC 146.141,22:30:20 16-Nov-2016,Status,82,80,90,11,232,136,18,32,241,27,228,37,234,117,80,175,117,166,154,214,107,200,120,,,,,,,,,
106746,106746,UT,18:42:08 17-Nov-2016,,,,,,CRC 10.9,18:42:08 17-Nov-2016,Status,10,0,17,,,,,,,,,,,,,,,,,,,,,,,,,,,,,
106746,106746,UT,20:26:30 17-Nov-2016,,,1,40.9340,-71.7360,CRC 8.6,20:26:30 17-Nov-2016,Status,8,0,52,,,,,,,,,,,,,,,,,,,,,,,,,,,,,
106746,106746,UT,20:27:13 17-Nov-2016,,,1,40.9340,-71.7360,CRC 146.97,20:26:27 17-Nov-2016,Status,82,80,90,11,232,136,18,57,8,209,166,212,20,149,15,12,1,23,29,196,16,0,6,,,,,,,,,
106746,106746,UT,22:29:33 20-Nov-2016,,,,,,CRC 254.18,22:28:45 20-Nov-2016,Status,95,208,90,11,232,136,18,57,10,89,203,88,212,153,193,8,1,95,173,66,242,61,70,,,,,,,,,
106746,106746,UT,22:32:55 20-Nov-2016,,,,,,CRC 10.9,22:32:55 20-Nov-2016,Status,10,0,17,,,,,,,,,,,,,,,,,,,,,,,,,,,,,
106746,106746,UT,22:33:41 20-Nov-2016,,,,,,CRC 110.172,22:32:54 20-Nov-2016,Status,77,208,90,11,232,136,18,57,10,90,13,148,24,153,203,8,1,92,20,196,48,32,20,,,,,,,,,
106746,106746,UT,23:35:19 20-Nov-2016,,,0,40.5630,-71.6860,CRC 6.7,23:35:19 20-Nov-2016,Status,54,115,207,,,,,,,,,,,,,,,,,,,,,,,,,,,,,
106746,106746,UT,23:47:15 20-Nov-2016,,,0,40.5560,-71.7150,CRC 6.39,23:46:28 20-Nov-2016,Status,64,208,90,139,232,136,18,57,10,94,231,21,150,154,127,8,1,64,20,196,16,0,0,,,,,,,,,
106746,106746,UT,23:51:33 20-Nov-2016,,,0,40.5560,-71.7150,CRC 121.142,23:19:45 04-Nov-2016,Status,79,48,90,11,232,136,18,57,2,93,59,86,182,138,8,11,3,75,8,235,213,0,66,,,,,,,,,
106746,106746,UT,23:52:21 20-Nov-2016,,,0,40.5560,-71.7150,CRC 10.9,23:52:21 20-Nov-2016,Status,26,17,18,,,,,,,,,,,,,,,,,,,,,,,,,,,,,
106746,106746,UT,00:16:37 21-Nov-2016,,,0,40.5600,-71.6860,CRC 200.136,,,25,24,30,228,36,20,107,29,227,160,31,55,204,210,230,120,32,21,105,32,151,254,111,,,,,,,,,
106746,106746,UT,17:57:45 21-Nov-2016,,,,,,CRC 10.14,17:57:45 21-Nov-2016,Status,10,0,28,,,,,,,,,,,,,,,,,,,,,,,,,,,,,
106746,106746,UT,18:03:04 21-Nov-2016,,,,,,CRC 51.29,02:03:00 03-Nov-2016,Status,70,112,90,11,232,133,22,41,177,136,48,51,60,118,142,142,202,155,198,156,208,0,4,,,,,,,,,
106746,106746,UT,11:20:22 23-Nov-2016,,,,,,CRC 11.12,11:20:22 23-Nov-2016,Status,11,5,29,,,,,,,,,,,,,,,,,,,,,,,,,,,,,
106746,106746,UT,19:24:53 23-Nov-2016,,,0,40.7160,-71.5630,CRC 12.0,19:24:53 23-Nov-2016,Status,76,63,4,,,,,,,,,,,,,,,,,,,,,,,,,,,,,
106746,106746,UT,21:32:41 23-Nov-2016,,,,,,CRC 4.3,21:32:41 23-Nov-2016,Status,68,59,41,,,,,,,,,,,,,,,,,,,,,,,,,,,,,
106746,106746,UT,00:07:28 26-Nov-2016,,,A,40.7400,-71.2560,CRC 8.10,00:07:28 26-Nov-2016,Status,8,32,16,,,,,,,,,,,,,,,,,,,,,,,,,,,,,
106746,106746,UT,00:08:24 26-Nov-2016,,,A,40.7400,-71.2560,CRC 115.50,00:03:35 26-Nov-2016,Status,78,112,90,11,232,136,18,57,13,0,56,253,28,237,81,208,49,49,228,23,205,9,115,,,,,,,,,
106746,106746,UT,00:13:17 26-Nov-2016,,,A,40.7400,-71.2560,CRC 70.172,00:13:17 26-Nov-2016,Status,72,208,83,149,123,241,225,16,129,94,143,123,145,155,147,150,196,78,32,70,98,168,67,,,,,,,,,
106746,106746,UT,00:33:40 26-Nov-2016,,,,,,CRC 5.8,,,101,68,81,,,,,,,,,,,,,,,,,,,,,,,,,,,,,
106746,106746,UT,22:05:53 26-Nov-2016,,,0,40.6650,-71.5630,CRC 10.5,22:05:53 26-Nov-2016,Status,26,24,29,,,,,,,,,,,,,,,,,,,,,,,,,,,,,
106746,106746,UT,01:26:43 27-Nov-2016,,,0,40.6020,-71.6200,CRC 10.1,01:26:43 27-Nov-2016,Status,26,137,64,,,,,,,,,,,,,,,,,,,,,,,,,,,,,
106746,106746,UT,23:12:39 27-Nov-2016,,,B,40.3590,-71.6830,CRC 32.12,07:19:40 17-Nov-2016,Status,68,16,90,11,232,138,18,121,8,157,58,24,68,120,154,35,172,136,32,208,30,235,17,,,,,,,,,
106746,106746,UT,16:30:26 29-Nov-2016,,,B,40.2230,-71.9990,CRC 106.128,16:29:33 29-Nov-2016,Status,77,80,90,11,232,136,18,57,14,193,216,88,80,167,249,240,137,151,28,199,31,232,138,,,,,,,,,
106746,106746,UT,01:26:14 30-Nov-2016,,,0,40.1910,-72.1770,CRC 165.7,13:12:22 26-Nov-2016,Status,84,176,91,15,203,127,210,25,45,52,197,154,75,38,76,214,109,148,38,201,184,143,93,,,,,,,,,
106746,106746,UT,02:13:21 30-Nov-2016,,,0,40.2280,-72.0760,CRC 4.6,02:13:21 30-Nov-2016,Status,68,169,255,,,,,,,,,,,,,,,,,,,,,,,,,,,,,
106746,106746,UT,16:09:54 30-Nov-2016,,,B,40.2010,-72.1160,CRC 10.6,16:09:54 30-Nov-2016,Status,74,61,0,,,,,,,,,,,,,,,,,,,,,,,,,,,,,
106746,106746,UT,15:43:22 01-Dec-2016,,,,,,CRC 238.74,15:42:28 01-Dec-2016,Status,93,208,90,11,232,136,18,57,0,190,167,22,214,170,101,4,1,77,20,195,128,0,0,,,,,,,,,
106746,106746,UT,19:22:29 01-Dec-2016,,,B,40.9690,-70.0010,CRC 13.3,19:22:29 01-Dec-2016,Status,77,53,123,,,,,,,,,,,,,,,,,,,,,,,,,,,,,
106746,106746,UT,14:46:47 02-Dec-2016,,,,,,CRC 134.214,06:45:52 02-Dec-2016,Status,80,208,90,11,232,136,18,57,1,26,221,24,214,171,25,4,1,65,19,255,255,255,255,,,,,,,,,
106746,106746,UT,15:20:14 02-Dec-2016,,,,,,CRC 14.12,15:20:14 02-Dec-2016,Status,46,172,85,,,,,,,,,,,,,,,,,,,,,,,,,,,,,
106746,106746,UT,19:16:55 02-Dec-2016,,,0,40.2450,-72.1040,CRC 11.139,09:05:33 06-Dec-2016,Status,65,112,90,245,28,52,129,134,147,36,88,96,66,80,180,227,149,24,30,162,44,198,213,,,,,,,,,
106746,106746,UT,19:17:53 02-Dec-2016,,,0,40.2450,-72.1040,CRC 2.5,19:17:53 02-Dec-2016,Status,50,23,188,,,,,,,,,,,,,,,,,,,,,,,,,,,,,
106746,106746,UT,20:51:57 02-Dec-2016,,,A,40.2320,-72.1500,CRC 25.83,20:51:01 02-Dec-2016,Status,67,48,90,11,232,136,18,57,1,83,48,84,148,173,33,8,1,72,19,195,144,0,0,,,,,,,,,
106746,106746,UT,00:41:57 04-Dec-2016,,,,,,CRC 12.13,00:41:57 04-Dec-2016,Status,92,143,188,,,,,,,,,,,,,,,,,,,,,,,,,,,,,
106746,106746,UT,16:01:41 05-Dec-2016,,,1,39.9670,-72.4990,CRC 150.38,16:00:45 05-Dec-2016,Status,82,208,90,11,232,136,18,57,2,192,11,87,18,175,161,8,1,56,19,203,64,0,0,,,,,,,,,
106746,106746,UT,16:05:22 05-Dec-2016,,,1,39.9670,-72.4990,CRC 7.12,16:05:22 05-Dec-2016,Status,71,27,28,,,,,,,,,,,,,,,,,,,,,,,,,,,,,
106746,106746,UT,20:52:41 05-Dec-2016,,,A,39.9550,-72.5150,CRC 1.160,20:51:45 05-Dec-2016,Status,64,48,90,11,232,136,18,57,2,211,59,91,86,177,49,6,1,69,19,195,4,8,87,,,,,,,,,
106746,106746,UT,21:11:40 05-Dec-2016,,,B,40.0320,-72.2290,CRC 2.13,21:11:40 05-Dec-2016,Status,34,162,153,,,,,,,,,,,,,,,,,,,,,,,,,,,,,
106746,106746,UT,22:36:31 06-Dec-2016,,,1,40.1040,-72.4620,CRC 212.18,22:43:34 14-Dec-2016,Status,90,144,90,59,206,49,150,57,135,90,184,148,85,148,83,152,198,50,136,230,17,80,106,,,,,,,,,
106746,106746,UT,23:31:12 06-Dec-2016,,,0,40.0850,-72.5130,CRC 248.81,00:03:11 05-Dec-2016,Status,95,16,90,11,232,136,18,58,18,128,50,203,197,178,157,229,175,219,190,23,43,128,129,,,,,,,,,
106746,106746,UT,01:20:16 07-Dec-2016,,,0,40.0060,-72.5240,CRC 123.238,18:25:01 24-Dec-2016,Status,79,112,82,75,86,32,122,179,28,73,144,83,212,179,77,8,1,58,21,194,176,0,0,,,,,,,,,
106746,106746,UT,01:28:12 07-Dec-2016,,,0,40.0060,-72.5240,CRC 203.224,01:27:16 07-Dec-2016,Status,89,112,90,11,232,136,18,57,3,133,180,26,150,179,114,116,127,235,50,202,93,176,145,,,,,,,,,
106746,106746,UT,01:31:23 07-Dec-2016,,,0,40.0060,-72.5240,CRC 10.15,,,10,4,15,,,,,,,,,,,,,,,,,,,,,,,,,,,,,
106746,106746,UT,10:14:15 08-Dec-2016,,,0,39.9660,-72.3870,CRC 219.159,10:13:17 08-Dec-2016,Status,91,112,90,11,232,136,18,57,4,40,212,109,0,173,85,84,118,137,128,252,24,5,0,,,,,,,,,
106746,106746,UT,21:46:24 08-Dec-2016,,,0,40.1380,-72.2280,CRC 253.251,21:45:27 09-Dec-2016,Status,95,176,90,11,232,136,18,57,4,214,214,216,242,181,5,10,1,67,20,194,96,0,10,,,,,,,,,
106746,106746,UT,23:23:47 08-Dec-2016,,,0,40.1750,-72.1410,CRC 105.38,23:23:47 08-Dec-2016,Status,77,48,72,171,109,20,117,81,214,121,114,85,217,5,192,1,201,211,164,125,75,225,186,,,,,,,,,
106746,106746,UT,23:43:34 08-Dec-2016,,,1,40.1580,-72.1370,CRC 95.164,23:43:34 08-Dec-2016,Status,75,234,106,118,168,217,18,57,4,94,169,22,212,181,245,8,1,92,242,181,146,49,137,,,,,,,,,
106746,106746,UT,00:04:16 09-Dec-2016,,,0,40.1600,-72.0920,CRC 5.6,00:04:16 09-Dec-2016,Status,37,21,90,,,,,,,,,,,,,,,,,,,,,,,,,,,,,
106746,106746,UT,00:06:37 09-Dec-2016,,,0,40.1600,-72.0920,CRC 170.183,03:35:59 10-Dec-2016,Status,85,84,90,138,234,234,171,171,213,14,62,237,171,118,176,43,75,245,197,10,49,0,181,,,,,,,,,
106746,106746,UT,17:57:58 09-Dec-2016,,,0,40.0910,-71.5390,CRC 225.63,11:34:31 03-Dec-2016,Status,92,49,90,159,239,190,44,70,225,174,39,197,227,63,248,76,110,204,219,164,217,36,155,,,,,,,,,
106746,106746,UT,19:33:54 09-Dec-2016,,,1,40.0410,-71.4950,CRC 69.186,19:33:54 09-Dec-2016,Status,72,176,90,11,232,136,2,57,4,236,13,211,20,183,233,8,1,69,20,194,192,0,0,,,,,,,,,
106746,106746,UT,01:44:01 11-Dec-2016,,,A,39.6280,-71.0370,CRC 196.17,01:43:02 11-Dec-2016,Status,88,144,90,11,232,136,18,57,5,134,176,153,82,184,207,10,1,61,19,198,95,127,255,,,,,,,,,
106746,106746,UT,02:21:34 14-Dec-2016,,,0,38.2080,-71.5460,CRC 3.10,,,163,228,41,,,,,,,,,,,,,,,,,,,,,,,,,,,,,
106746,106746,UT,08:50:22 14-Dec-2016,,,,,,CRC 79.230,08:49:21 14-Dec-2016,Status,73,240,90,11,232,136,18,57,7,35,21,94,24,189,39,6,0,70,81,194,147,5,158,,,,,,,,,
106746,106746,UT,09:32:38 14-Dec-2016,,,,,,CRC 13.4,09:32:38 14-Dec-2016,Status,77,100,20,,,,,,,,,,,,,,,,,,,,,,,,,,,,,
106746,106746,UT,10:23:27 14-Dec-2016,,,0,38.0480,-71.6500,CRC 10.9,10:23:27 14-Dec-2016,Status,26,81,19,,,,,,,,,,,,,,,,,,,,,,,,,,,,,
106746,106746,UT,09:59:44 17-Dec-2016,,,B,37.6470,-69.9580,CRC 11.15,09:59:44 17-Dec-2016,Status,75,41,138,,,,,,,,,,,,,,,,,,,,,,,,,,,,,
106746,106746,UT,09:59:44 17-Dec-2016,,,0,37.6930,-70.0140,CRC 11.12,,,11,97,129,,,,,,,,,,,,,,,,,,,,,,,,,,,,,
106746,106746,UT,10:27:30 17-Dec-2016,,,1,37.7070,-69.9850,CRC 212.164,10:26:27 17-Dec-2016,Status,90,144,90,11,232,136,26,57,8,169,166,216,212,191,85,10,1,68,17,198,48,0,0,,,,,,,,,
106746,106746,UT,10:31:17 17-Dec-2016,,,1,37.7070,-69.9850,CRC 134.138,10:30:15 17-Dec-2016,Status,80,208,90,11,232,136,18,57,8,169,227,216,86,191,95,10,1,64,19,198,81,106,200,,,,,,,,,
106746,106746,UT,10:35:06 17-Dec-2016,,,1,37.7070,-69.9850,CRC 177.228,10:34:04 17-Dec-2016,Status,86,48,90,11,232,136,18,57,8,170,33,22,216,191,105,72,1,57,17,198,48,0,128,,,,,,,,,
106746,106746,UT,01:49:07 18-Dec-2016,,,1,37.7430,-70.2730,Length 23?,02:52:05 20-Jan-2013,Fast-GPS,200,208,90,11,232,136,146,57,9,7,1,21,20,192,9,12,1,68,17,198,96,0,2,,,,,,,,,
106746,106746,UT,08:08:32 18-Dec-2016,,,,,,CRC 40.63,08:08:32 18-Dec-2016,Status,69,29,83,62,46,95,70,58,184,45,169,188,201,123,98,79,51,215,232,183,168,183,179,,,,,,,,,
106746,106746,UT,23:08:26 19-Dec-2016,,,2,37.8380,-69.9650,CRC 80.48,10:22:03 19-Dec-2016,Status,74,16,90,11,232,136,18,57,9,169,96,249,180,122,150,245,65,65,237,59,176,0,0,,,,,,,,,
106746,106746,UT,23:22:21 19-Dec-2016,,,1,37.8360,-69.9650,CRC 11.13,23:22:21 19-Dec-2016,Status,43,218,97,,,,,,,,,,,,,,,,,,,,,,,,,,,,,
106746,106746,UT,23:29:32 19-Dec-2016,,,1,37.8360,-69.9650,CRC 237.175,23:29:32 19-Dec-2016,Status,93,176,90,11,232,136,18,41,251,121,104,182,0,143,192,108,124,154,71,185,197,11,142,,,,,,,,,
106746,106746,UT,01:57:49 20-Dec-2016,,,1,37.8280,-70.0350,CRC 11.214,01:57:49 20-Dec-2016,Status,65,112,90,11,232,136,18,57,10,7,203,89,20,203,197,12,133,101,25,131,174,255,247,,,,,,,,,
106746,106746,UT,22:46:35 21-Dec-2016,,,,,,CRC 94.228,22:46:35 21-Dec-2016,Status,75,208,90,11,232,136,18,33,4,246,215,44,129,125,148,249,39,116,134,139,64,122,82,,,,,,,,,
106746,106746,UT,22:56:43 21-Dec-2016,,,A,37.6790,-69.6370,CRC 1.12,22:56:43 21-Dec-2016,Status,1,152,72,,,,,,,,,,,,,,,,,,,,,,,,,,,,,
106746,106746,UT,01:09:25 22-Dec-2016,,,0,37.6420,-69.6490,CRC 3.7,01:09:25 22-Dec-2016,Status,67,224,250,,,,,,,,,,,,,,,,,,,,,,,,,,,,,
106746,106746,UT,02:07:55 22-Dec-2016,,,,,,CRC 105.187,02:14:50 22-Dec-2016,Status,77,48,90,11,232,136,18,57,11,8,236,153,146,197,249,42,1,78,23,198,0,4,0,,,,,,,,,
106746,106746,UT,02:53:12 22-Dec-2016,,,B,37.6080,-69.6450,CRC 81.185,15:56:00 22-Dec-2016,Status,74,48,90,11,232,136,18,112,187,63,128,7,1,104,146,14,159,226,215,140,121,191,255,,,,,,,,,
106746,106746,UT,00:30:49 24-Dec-2016,,,,,,CRC 21.19,02:39:46 24-Dec-2016,Status,66,177,24,162,99,241,115,44,236,10,123,147,44,206,116,221,200,76,143,135,16,63,254,,,,,,,,,
106746,106746,UT,00:09:52 25-Dec-2016,,,,,,CRC 80.157,00:08:46 25-Dec-2016,Status,74,16,90,11,232,136,18,57,12,128,139,155,28,216,211,234,14,180,248,195,90,16,252,,,,,,,,,
106746,106746,UT,01:03:17 25-Dec-2016,,,,,,CRC 7.1,01:03:17 25-Dec-2016,Status,71,219,4,,,,,,,,,,,,,,,,,,,,,,,,,,,,,
106746,106746,UT,23:07:39 26-Dec-2016,,,,,,CRC 15.13,,,159,148,4,,,,,,,,,,,,,,,,,,,,,,,,,,,,,
106746,106746,UT,06:15:30 28-Dec-2016,,,,,,CRC 15.5,06:15:30 28-Dec-2016,Status,79,1,5,,,,,,,,,,,,,,,,,,,,,,,,,,,,,
106746,106746,UT,06:16:58 28-Dec-2016,,,,,,CRC 128.151,06:15:49 12-Dec-2016,Status,80,16,90,11,232,136,18,57,6,24,252,86,87,255,75,71,66,26,181,109,66,156,159,,,,,,,,,
106746,106746,UT,01:48:18 30-Dec-2016,,,0,39.0610,-66.6890,CRC 92.183,18:40:03 31-Dec-2016,Status,75,144,90,11,232,136,18,25,47,202,128,219,225,24,158,134,24,63,147,227,100,186,79,,,,,,,,,
106746,106746,UT,01:51:09 30-Dec-2016,,,0,39.0610,-66.6890,CRC 2.3,01:51:09 30-Dec-2016,Status,66,139,11,,,,,,,,,,,,,,,,,,,,,,,,,,,,,
106746,106746,UT,01:54:12 30-Dec-2016,,,0,39.0610,-66.6890,CRC 10.12,01:54:12 30-Dec-2016,Status,42,23,106,,,,,,,,,,,,,,,,,,,,,,,,,,,,,
106746,106746,UT,20:27:16 31-Dec-2016,,,0,38.9110,-66.4380,CRC 7.3,,,231,225,2,,,,,,,,,,,,,,,,,,,,,,,,,,,,,
106746,106746,UT,20:12:16 01-Jan-2017,,,B,38.8310,-65.6300,CRC 8.12,20:12:16 01-Jan-2017,Status,8,0,50,,,,,,,,,,,,,,,,,,,,,,,,,,,,,
106746,106746,UT,20:17:52 01-Jan-2017,,,B,38.8310,-65.6300,CRC 10.9,20:17:52 01-Jan-2017,Status,26,17,147,,,,,,,,,,,,,,,,,,,,,,,,,,,,,
106746,106746,UT,23:09:19 01-Jan-2017,,,,,,CRC 12.13,23:09:19 01-Jan-2017,Status,44,156,106,,,,,,,,,,,,,,,,,,,,,,,,,,,,,
106746,106746,UT,01:06:09 06-Jan-2017,,,,,,CRC 62.252,01:04:58 06-Jan-2017,Status,71,208,90,11,232,136,18,57,3,4,78,144,12,243,108,63,96,248,24,160,194,12,246,,,,,,,,,
106746,106746,UT,09:07:00 08-Jan-2017,,,,,,CRC 10.118,09:07:00 08-Jan-2017,Status,65,93,124,174,77,179,136,46,79,57,34,167,233,223,156,65,199,238,197,87,222,101,69,,,,,,,,,
106746,106746,UT,09:58:29 10-Jan-2017,,,2,34.7010,-67.2440,CRC 21.190,09:57:16 10-Jan-2017,Status,66,176,90,11,234,136,18,57,5,39,148,23,214,216,105,16,1,105,17,202,192,0,0,,,,,,,,,
106746,106746,UT,10:54:26 10-Jan-2017,,,1,34.6800,-67.2500,CRC 177.66,10:53:13 10-Jan-2017,Status,86,48,90,11,232,136,18,57,5,43,83,89,18,216,145,16,1,71,17,202,179,138,221,,,,,,,,,
106746,106746,UT,10:55:12 10-Jan-2017,,,1,34.6800,-67.2500,CRC 10.12,10:55:12 10-Jan-2017,Status,26,156,133,,,,,,,,,,,,,,,,,,,,,,,,,,,,,
106746,106746,UT,10:58:58 10-Jan-2017,,,1,34.6800,-67.2500,CRC 135.235,09:07:00 10-Jan-2017,Status,80,240,90,11,232,136,18,57,5,36,112,30,6,85,67,101,67,121,109,96,194,32,243,,,,,,,,,
106746,106746,UT,02:25:45 24-Jan-2017,,,,,,CRC 11.15,02:25:45 24-Jan-2017,Status,43,96,99,,,,,,,,,,,,,,,,,,,,,,,,,,,,,
106746,106746,UT,03:11:31 24-Jan-2017,,,,,,CRC 123.106,03:11:31 24-Jan-2017,Status,79,112,90,11,232,136,18,50,122,207,206,79,237,32,76,95,158,102,0,222,180,174,220,,,,,,,,,
106746,106746,UT,23:49:17 24-Jan-2017,,,0,32.8680,-73.2320,CRC 1.77,23:47:43 24-Jan-2017,Status,64,48,90,11,232,136,18,57,12,94,250,213,24,223,121,16,1,155,16,205,16,0,32,,,,,,,,,
106746,106746,UT,02:29:07 26-Jan-2017,,,B,32.7050,-73.4970,CRC 8.7,02:29:07 26-Jan-2017,Status,72,234,132,,,,,,,,,,,,,,,,,,,,,,,,,,,,,
106746,106746,UT,09:50:17 26-Jan-2017,,,,,,CRC 14.5,09:50:17 26-Jan-2017,Status,46,248,206,,,,,,,,,,,,,,,,,,,,,,,,,,,,,
106746,106746,UT,02:41:49 30-Jan-2017,,,,,,CRC 15.0,02:41:49 30-Jan-2017,Status,79,237,1,,,,,,,,,,,,,,,,,,,,,,,,,,,,,
106746,106746,UT,02:27:07 31-Jan-2017,,,,,,Length 23?,00:07:49 20-Jun-2014,Fast-GPS,211,80,3,227,246,156,130,87,74,18,134,19,24,247,160,121,77,193,103,13,128,0,0,,,,,,,,,
106746,106746,UT,19:32:57 31-Jan-2017,,,0,31.0920,-75.5160,CRC 186.90,19:32:57 31-Jan-2017,Status,87,80,90,11,232,136,18,57,15,223,249,23,220,86,225,213,159,16,38,73,227,17,40,,,,,,,,,
106746,106746,UT,19:37:29 31-Jan-2017,,,0,31.0920,-75.5160,CRC 8.10,19:37:29 31-Jan-2017,Status,24,17,19,,,,,,,,,,,,,,,,,,,,,,,,,,,,,
106746,106746,UT,09:04:51 04-Feb-2017,,,3,31.0720,-76.3610,CRC 53.59,09:03:30 04-Feb-2017,Status,70,176,90,11,232,136,18,57,2,36,55,150,210,234,247,16,1,167,15,206,32,0,2,,,,,,,,,
106746,106746,UT,09:10:39 04-Feb-2017,,,3,31.0720,-76.3610,CRC 209.159,08:09:18 04-Feb-2017,Status,90,48,90,11,232,136,18,57,2,32,148,152,214,224,72,202,34,52,120,235,239,203,72,,,,,,,,,
106746,106746,UT,09:35:36 04-Feb-2017,,,,,,CRC 101.172,09:35:36 04-Feb-2017,Status,76,176,90,11,232,8,18,57,0,38,34,211,88,235,61,16,1,176,15,206,16,64,3,,,,,,,,,
106746,106746,UT,10:47:51 05-Feb-2017,,,B,30.8340,-76.7260,CRC 78.101,10:46:30 05-Feb-2017,Status,73,208,90,11,232,136,18,57,2,170,231,150,22,139,20,18,158,62,79,65,175,227,82,,,,,,,,,
106746,106746,UT,11:11:31 05-Feb-2017,,,B,31.0720,-76.3640,CRC 155.55,11:14:32 05-Feb-2017,Status,83,112,90,15,232,136,80,61,2,172,232,2,142,144,79,26,104,79,102,116,126,101,192,,,,,,,,,
106746,106746,UT,21:43:40 06-Feb-2017,,,,,,CRC 202.38,21:42:18 06-Feb-2017,Status,89,80,90,11,232,136,18,57,3,86,164,147,84,238,53,14,1,108,24,141,62,218,149,,,,,,,,,
106746,106746,UT,09:41:38 08-Feb-2017,,,,,,CRC 252.188,07:43:56 21-Feb-2017,Status,95,144,90,11,232,136,63,61,42,158,190,28,31,225,12,26,102,254,191,201,157,125,61,,,,,,,,,
106746,106746,UT,10:01:30 08-Feb-2017,,,,,,CRC 19.100,,,58,1,19,105,149,255,5,195,189,185,157,182,115,134,210,100,24,119,208,60,112,246,223,216,243,147,14,,,,,
106746,106746,UT,15:05:44 09-Feb-2017,,,0,30.9020,-76.1040,CRC 52.153,15:04:21 09-Feb-2017,Status,70,144,90,11,232,136,18,57,4,188,69,80,24,240,61,18,1,203,15,207,128,0,0,,,,,,,,,
106746,106746,UT,15:57:43 09-Feb-2017,,,,,,CRC 9.1,15:57:43 09-Feb-2017,Status,41,83,92,,,,,,,,,,,,,,,,,,,,,,,,,,,,,
106746,106746,UT,02:21:16 10-Feb-2017,,,,,,CRC 95.178,06:34:31 09-Feb-2017,Status,75,240,90,11,232,136,18,57,4,154,39,247,176,98,15,39,183,232,135,157,96,0,0,,,,,,,,,
106746,106746,UT,07:44:01 11-Feb-2017,,,,,,CRC 7.3,07:44:01 11-Feb-2017,Status,39,219,249,,,,,,,,,,,,,,,,,,,,,,,,,,,,,
106746,106746,UT,01:34:32 12-Feb-2017,,,,,,CRC 4.0,01:34:32 12-Feb-2017,Status,68,200,239,,,,,,,,,,,,,,,,,,,,,,,,,,,,,
106746,106746,UT,07:31:44 12-Feb-2017,,,,,,CRC 11.2,07:31:44 12-Feb-2017,Status,43,196,247,,,,,,,,,,,,,,,,,,,,,,,,,,,,,
106746,106746,UT,22:05:10 13-Feb-2017,,,,,,CRC 159.215,22:03:46 13-Feb-2017,Status,83,240,90,11,232,136,18,57,6,216,59,149,152,245,21,14,1,237,170,210,43,92,0,,,,,,,,,
106746,106746,UT,21:41:43 14-Feb-2017,,,0,31.3210,-76.1210,CRC 9.215,21:40:18 14-Feb-2017,Status,65,48,90,11,232,136,18,57,7,86,132,149,150,245,251,14,3,27,16,205,241,0,32,,,,,,,,,
106746,106746,UT,00:37:12 16-Feb-2017,,,,,,CRC 164.220,00:35:47 16-Feb-2017,Status,84,144,90,11,232,136,22,25,8,2,59,212,22,246,135,16,1,146,16,205,208,0,0,,,,,,,,,
106746,106746,UT,00:59:24 16-Feb-2017,,,,,,CRC 124.13,00:59:24 16-Feb-2017,Status,79,129,221,46,0,74,212,140,234,216,106,221,187,207,47,9,103,128,228,250,94,19,2,,,,,,,,,
106746,106746,UT,01:57:37 16-Feb-2017,,,1,30.8330,-76.2300,CRC 15.11,01:57:37 16-Feb-2017,Status,31,123,83,,,,,,,,,,,,,,,,,,,,,,,,,,,,,
106746,106746,UT,03:36:25 16-Feb-2017,,,B,30.7930,-76.2160,CRC 5.6,,,101,223,4,,,,,,,,,,,,,,,,,,,,,,,,,,,,,
106746,106746,UT,08:32:09 16-Feb-2017,,,,,,CRC 8.5,08:32:09 16-Feb-2017,Status,40,215,255,,,,,,,,,,,,,,,,,,,,,,,,,,,,,
106746,106746,UT,08:52:56 16-Feb-2017,,,,,,CRC 1.13,08:52:56 16-Feb-2017,Status,33,225,221,,,,,,,,,,,,,,,,,,,,,,,,,,,,,
106746,106746,UT,10:27:25 16-Feb-2017,,,B,30.8060,-76.1220,CRC 155.162,10:26:00 16-Feb-2017,Status,83,112,90,11,232,136,18,57,8,41,160,20,212,247,229,12,1,167,91,51,52,56,55,,,,,,,,,
106746,106746,UT,18:01:57 17-Feb-2017,,,B,30.9370,-76.2200,CRC 14.7,18:01:57 17-Feb-2017,Status,78,144,90,,,,,,,,,,,,,,,,,,,,,,,,,,,,,
106746,106746,UT,21:36:06 17-Feb-2017,,,B,30.9550,-76.2560,CRC 5.13,21:36:06 17-Feb-2017,Status,37,158,124,,,,,,,,,,,,,,,,,,,,,,,,,,,,,
106746,106746,UT,02:02:37 18-Feb-2017,,,,,,CRC 2.10,02:02:37 18-Feb-2017,Status,18,17,19,,,,,,,,,,,,,,,,,,,,,,,,,,,,,
106746,106746,UT,02:47:57 18-Feb-2017,,,1,30.9330,-76.3120,CRC 139.119,07:56:31 05-Feb-2017,Status,81,112,90,3,106,198,7,245,2,159,135,252,49,99,205,145,68,66,245,24,103,185,242,,,,,,,,,
106746,106746,UT,19:20:32 19-Feb-2017,,,B,31.1580,-76.2000,CRC 170.80,19:03:05 19-Feb-2017,Status,85,80,90,11,232,136,18,57,9,204,49,82,85,252,159,16,1,121,15,204,192,0,0,,,,,,,,,
106746,106746,UT,22:50:53 19-Feb-2017,,,,,,CRC 84.153,01:23:38 27-Feb-2017,Status,74,148,90,11,248,164,17,48,45,133,121,142,92,225,235,90,138,243,193,101,175,230,44,,,,,,,,,
106746,106746,UT,16:09:48 20-Feb-2017,,,A,31.5730,-76.5440,CRC 154.107,16:08:20 20-Feb-2017,Status,83,80,90,11,232,136,18,57,10,64,133,5,161,54,72,14,227,158,190,198,32,150,26,,,,,,,,,
106746,106746,UT,15:04:27 21-Feb-2017,,,,,,CRC 248.75,15:03:00 05-Feb-2017,Status,95,16,90,11,232,136,18,57,2,188,48,24,150,255,151,14,1,145,15,205,240,0,0,,,,,,,,,
106746,106746,UT,15:08:34 21-Feb-2017,,,,,,CRC 248.212,15:07:06 21-Feb-2017,Status,95,18,90,11,232,136,18,57,10,188,113,154,148,255,161,80,1,76,155,77,241,16,24,,,,,,,,,
106746,106746,UT,18:54:38 21-Feb-2017,,,,,,CRC 10.9,,,122,43,239,,,,,,,,,,,,,,,,,,,,,,,,,,,,,
106746,106746,UT,20:32:55 21-Feb-2017,,,0,31.9510,-76.4380,CRC 11.6,,,155,164,109,,,,,,,,,,,,,,,,,,,,,,,,,,,,,
106746,106746,UT,20:35:02 21-Feb-2017,,,0,31.9510,-76.4380,CRC 8.10,20:35:02 21-Feb-2017,Status,72,228,12,,,,,,,,,,,,,,,,,,,,,,,,,,,,,
106746,106746,UT,20:37:15 21-Feb-2017,,,0,31.9510,-76.4380,CRC 10.11,20:37:15 21-Feb-2017,Status,26,17,12,,,,,,,,,,,,,,,,,,,,,,,,,,,,,
106746,106746,UT,22:04:58 21-Feb-2017,,,A,32.0260,-76.4530,CRC 60.61,22:03:30 21-Feb-2017,Status,71,144,90,11,232,136,18,57,10,216,55,150,153,1,9,18,1,41,108,186,151,13,64,,,,,,,,,
106746,106746,UT,20:21:04 22-Feb-2017,,,0,32.5940,-76.4320,CRC 249.69,20:19:04 22-Feb-2017,Status,95,48,90,11,232,136,18,57,11,81,49,22,149,2,163,14,1,109,15,208,16,0,0,,,,,,,,,
106746,106746,UT,00:40:10 23-Feb-2017,,,B,32.6550,-76.4520,CRC 10.15,00:40:10 23-Feb-2017,Status,10,1,16,,,,,,,,,,,,,,,,,,,,,,,,,,,,,
106746,106746,UT,02:45:56 23-Feb-2017,,,2,32.7380,-76.4210,CRC 3.41,02:44:28 23-Feb-2017,Status,64,112,90,11,232,136,18,57,11,138,199,19,83,3,87,16,1,203,15,207,208,3,7,,,,,,,,,
106746,106746,UT,23:06:47 25-Feb-2017,,,2,32.2990,-75.2610,CRC 6.12,,,166,140,2,,,,,,,,,,,,,,,,,,,,,,,,,,,,,
106746,106746,UT,01:45:56 26-Feb-2017,,,0,32.2400,-75.2910,CRC 120.88,01:44:27 26-Feb-2017,Status,79,16,90,11,232,136,18,57,13,6,198,214,213,5,125,12,1,158,15,207,233,177,249,,,,,,,,,
106746,106746,UT,01:49:56 26-Feb-2017,,,0,32.2400,-75.2910,CRC 175.80,01:48:27 26-Feb-2017,Status,85,240,90,11,232,136,18,57,13,7,6,245,253,54,162,85,42,183,53,78,251,80,254,,,,,,,,,
106746,106746,UT,12:07:53 26-Feb-2017,,,B,31.9590,-75.3970,CRC 103.230,12:14:24 26-Feb-2017,Status,76,240,90,25,104,140,50,57,29,48,230,24,209,134,159,16,1,70,13,205,251,190,41,,,,,,,,,
106746,106746,UT,17:57:55 26-Feb-2017,,,,,,CRC 13.0,17:57:55 26-Feb-2017,Status,77,176,103,,,,,,,,,,,,,,,,,,,,,,,,,,,,,
106746,106746,UT,21:41:10 26-Feb-2017,,,A,31.5290,-75.4610,CRC 22.216,00:23:49 12-Feb-2017,Status,66,210,202,147,39,213,188,138,198,1,124,83,27,7,110,28,114,60,202,198,28,153,163,,,,,,,,,
106746,106746,UT,21:42:52 26-Feb-2017,,,A,31.5290,-75.4610,CRC 13.11,21:42:52 26-Feb-2017,Status,45,251,129,,,,,,,,,,,,,,,,,,,,,,,,,,,,,
106746,106746,UT,22:34:15 26-Feb-2017,,,A,31.7850,-75.1890,CRC 75.173,22:34:15 26-Feb-2017,Status,73,112,90,26,216,108,22,206,71,249,7,52,9,249,164,223,15,17,93,252,113,219,251,,,,,,,,,
106746,106746,UT,19:27:01 27-Feb-2017,,,B,31.4610,-74.9910,CRC 73.95,16:24:24 26-Feb-2017,Status,73,48,90,11,232,136,18,57,13,65,134,21,233,180,7,211,71,190,7,222,26,94,235,,,,,,,,,
106746,106746,UT,19:27:46 27-Feb-2017,,,B,31.4610,-74.9910,CRC 14.10,19:27:46 27-Feb-2017,Status,30,17,19,,,,,,,,,,,,,,,,,,,,,,,,,,,,,
106746,106746,UT,09:03:27 02-Mar-2017,,,2,31.9050,-74.0280,CRC 10.9,09:03:27 02-Mar-2017,Status,26,81,19,,,,,,,,,,,,,,,,,,,,,,,,,,,,,
106746,106746,UT,09:06:25 02-Mar-2017,,,2,31.9050,-74.0280,CRC 155.45,09:04:55 02-Mar-2017,Status,83,112,90,11,232,136,18,57,1,36,77,242,93,77,181,33,96,158,132,239,16,92,78,,,,,,,,,
106746,106746,UT,03:19:51 03-Mar-2017,,,A,32.0070,-73.6570,CRC 13.4,,,205,184,4,,,,,,,,,,,,,,,,,,,,,,,,,,,,,
106746,106746,UT,03:21:25 03-Mar-2017,,,A,32.0070,-73.6570,CRC 114.117,03:19:54 03-Mar-2017,Status,78,80,90,11,232,136,18,57,1,141,61,148,209,15,15,6,1,144,16,203,128,0,1,,,,,,,,,
106746,106746,UT,07:14:19 03-Mar-2017,,,,,,CRC 15.1,,,111,236,28,,,,,,,,,,,,,,,,,,,,,,,,,,,,,
106746,106746,UT,15:26:15 04-Mar-2017,,,B,31.7510,-73.3510,CRC 11.111,15:24:44 04-Mar-2017,Status,65,112,90,11,232,136,18,57,2,61,139,27,85,17,133,6,1,228,38,141,255,253,128,,,,,,,,,
106746,106746,UT,20:04:10 04-Mar-2017,,,0,31.6560,-73.3250,CRC 36.69,12:19:28 14-Mar-2017,Status,68,144,90,11,232,136,26,56,39,49,55,44,55,25,16,18,91,214,236,249,110,130,149,,,,,,,,,
106746,106746,UT,12:06:09 06-Mar-2017,,,0,30.6450,-73.1470,CRC 133.188,12:04:37 06-Mar-2017,Status,80,176,90,11,232,136,18,57,3,48,73,89,215,20,95,12,1,107,16,203,130,36,7,,,,,,,,,
106746,106746,UT,12:06:09 06-Mar-2017,,,0,30.6810,-73.2650,CRC 133.217,12:04:37 06-Mar-2017,Status,80,176,90,11,232,136,18,57,3,48,73,89,215,20,95,12,1,107,16,203,128,7,211,,,,,,,,,
106746,106746,UT,13:39:36 06-Mar-2017,,,,,,CRC 8.2,13:39:36 06-Mar-2017,Status,24,25,19,,,,,,,,,,,,,,,,,,,,,,,,,,,,,
106746,106746,UT,19:44:16 06-Mar-2017,,,B,30.5820,-73.2640,CRC 4.11,,,148,213,133,,,,,,,,,,,,,,,,,,,,,,,,,,,,,
106746,106746,UT,13:17:21 08-Mar-2017,,,,,,CRC 14.6,13:17:21 08-Mar-2017,Status,46,142,196,,,,,,,,,,,,,,,,,,,,,,,,,,,,,
106746,106746,UT,10:57:37 09-Mar-2017,,,0,30.0790,-72.5900,CRC 53.73,21:44:06 10-Mar-2017,Status,70,176,90,11,232,136,178,57,133,86,193,157,97,30,252,220,180,151,234,168,170,170,170,,,,,,,,,
106746,106746,UT,11:16:42 09-Mar-2017,,,A,30.0750,-72.5520,CRC 25.179,11:26:54 09-Mar-2017,Status,67,48,90,11,232,136,18,57,4,173,173,172,89,90,140,239,1,102,239,35,208,49,255,,,,,,,,,
106746,106746,UT,11:22:22 09-Mar-2017,,,A,30.0770,-72.5280,CRC 13.8,11:22:22 09-Mar-2017,Status,45,223,140,,,,,,,,,,,,,,,,,,,,,,,,,,,,,
106746,106746,UT,11:25:28 09-Mar-2017,,,A,30.0770,-72.5280,CRC 10.11,11:25:28 09-Mar-2017,Status,26,17,108,,,,,,,,,,,,,,,,,,,,,,,,,,,,,
106746,106746,UT,13:03:23 09-Mar-2017,,,B,30.1180,-72.5900,CRC 15.1,13:03:23 09-Mar-2017,Status,15,30,218,,,,,,,,,,,,,,,,,,,,,,,,,,,,,
106746,106746,UT,18:57:33 10-Mar-2017,,,0,30.2120,-72.2570,CRC 143.29,18:55:58 10-Mar-2017,Status,81,240,90,11,232,136,18,57,5,75,126,133,239,238,103,153,254,55,129,215,213,193,130,,,,,,,,,
106746,106746,UT,18:43:44 11-Mar-2017,,,,,,CRC 225.120,18:32:48 11-Mar-2017,Status,92,48,90,11,232,136,18,57,5,202,12,13,45,239,164,37,167,121,213,75,122,162,36,,,,,,,,,
106746,106746,UT,12:29:57 12-Mar-2017,,,2,30.1980,-72.0670,CRC 14.4,12:29:57 12-Mar-2017,Status,62,156,29,,,,,,,,,,,,,,,,,,,,,,,,,,,,,
106746,106746,UT,11:27:30 15-Mar-2017,,,1,30.7010,-73.4070,CRC 136.103,11:27:30 15-Mar-2017,Status,81,16,217,210,111,230,116,8,249,115,188,158,249,164,88,169,212,151,169,155,67,204,15,,,,,,,,,
106746,106746,UT,19:33:27 16-Mar-2017,,,3,31.7180,-69.6520,CRC 10.14,19:33:27 16-Mar-2017,Status,10,0,60,,,,,,,,,,,,,,,,,,,,,,,,,,,,,
106746,106746,UT,11:30:39 17-Mar-2017,,,0,30.6540,-73.9000,CRC 12.10,11:30:39 17-Mar-2017,Status,76,146,230,,,,,,,,,,,,,,,,,,,,,,,,,,,,,
106746,106746,UT,11:32:42 17-Mar-2017,,,0,30.6540,-73.9000,CRC 219.56,00:22:39 12-Apr-2017,Status,91,99,138,12,112,211,230,156,114,230,27,74,114,96,22,158,45,100,131,220,34,40,13,,,,,,,,,
106746,106746,UT,11:36:49 17-Mar-2017,,,0,30.6540,-73.9000,CRC 10.13,11:36:49 17-Mar-2017,Status,10,0,45,,,,,,,,,,,,,,,,,,,,,,,,,,,,,
106746,106746,UT,09:27:13 19-Mar-2017,,,,,,CRC 166.158,09:25:37 19-Mar-2017,Status,84,208,90,11,232,136,18,57,9,165,153,87,153,38,167,12,1,127,16,203,80,0,8,,,,,,,,,
106746,106746,UT,20:37:32 19-Mar-2017,,,,,,CRC 162.126,20:35:56 19-Mar-2017,Status,84,80,90,11,232,136,18,57,9,210,62,20,17,26,129,251,31,200,39,220,176,231,129,,,,,,,,,
106746,106746,UT,12:40:54 20-Mar-2017,,,B,30.2320,-74.7880,CRC 207.212,12:39:17 20-Mar-2017,Status,89,240,90,11,232,136,18,57,10,50,116,86,23,41,8,121,241,217,219,112,14,85,174,,,,,,,,,
106746,106746,UT,10:39:17 22-Mar-2017,,,,,,CRC 123.161,10:37:40 22-Mar-2017,Status,79,112,90,11,232,136,18,57,11,42,90,22,19,44,201,28,65,138,17,201,232,57,137,,,,,,,,,
106746,106746,UT,10:40:51 22-Mar-2017,,,,,,CRC 13.8,10:40:51 22-Mar-2017,Status,45,103,150,,,,,,,,,,,,,,,,,,,,,,,,,,,,,
106746,106746,UT,11:07:32 22-Mar-2017,,,,,,CRC 30.131,10:05:54 22-Mar-2017,Status,67,208,90,11,232,136,18,57,11,40,93,147,147,44,221,14,1,114,16,203,16,0,0,,,,,,,,,
106746,106746,UT,01:29:58 23-Mar-2017,,,B,30.3670,-74.5000,CRC 12.15,01:29:58 23-Mar-2017,Status,44,162,151,,,,,,,,,,,,,,,,,,,,,,,,,,,,,
106746,106746,UT,01:11:57 24-Mar-2017,,,0,30.4080,-74.8300,CRC 10.12,01:11:57 24-Mar-2017,Status,26,51,103,,,,,,,,,,,,,,,,,,,,,,,,,,,,,
106746,106746,UT,10:52:42 29-Mar-2017,,,,,,CRC 105.148,10:51:02 29-Mar-2017,Status,77,48,90,11,232,136,18,57,14,171,48,132,10,237,1,100,90,176,189,68,196,127,151,,,,,,,,,
106746,106746,UT,10:52:42 29-Mar-2017,,,,,,CRC 105.242,10:52:42 29-Mar-2017,Status,77,48,90,10,234,8,210,46,65,232,203,205,196,80,158,119,132,226,213,181,1,60,114,,,,,,,,,
106746,106746,UT,10:59:15 29-Mar-2017,,,,,,CRC 216.213,00:17:03 20-Mar-2017,Status,91,16,90,11,232,136,146,9,138,1,16,238,96,45,55,231,95,144,74,81,52,53,153,,,,,,,,,
106746,106746,UT,10:52:42 29-Mar-2017,,,,,,CRC 105.214,10:51:00 29-Mar-2017,Status,77,48,90,11,232,136,18,57,14,171,48,5,195,46,185,215,247,223,165,83,169,217,113,,,,,,,,,
106746,106746,UT,10:57:38 29-Mar-2017,,,,,,CRC 10.9,10:57:38 29-Mar-2017,Status,10,64,64,,,,,,,,,,,,,,,,,,,,,,,,,,,,,
106746,106746,UT,08:55:06 30-Mar-2017,,,,,,CRC 10.9,08:55:06 30-Mar-2017,Status,26,17,18,,,,,,,,,,,,,,,,,,,,,,,,,,,,,
106746,106746,UT,12:16:02 31-Mar-2017,,,,,,CRC 10.1,12:16:02 31-Mar-2017,Status,10,0,41,,,,,,,,,,,,,,,,,,,,,,,,,,,,,
106746,106746,UT,22:05:34 31-Mar-2017,,,,,,CRC 127.204,22:05:34 31-Mar-2017,Status,79,240,90,11,232,136,18,57,15,84,47,240,118,222,47,110,167,231,192,59,211,48,196,,,,,,,,,
106746,106746,UT,08:26:57 01-Apr-2017,,,,,,CRC 11.1,,,11,0,136,,,,,,,,,,,,,,,,,,,,,,,,,,,,,
106746,106746,UT,19:41:36 02-Apr-2017,,,,,,CRC 54.187,19:39:55 02-Apr-2017,Status,70,208,90,11,232,136,18,57,1,78,125,214,73,44,64,219,185,7,118,48,93,142,86,,,,,,,,,
106746,106746,UT,14:20:56 05-Apr-2017,,,B,31.9520,-72.5000,CRC 10.13,14:20:56 05-Apr-2017,Status,26,127,252,,,,,,,,,,,,,,,,,,,,,,,,,,,,,
106746,106746,UT,00:53:51 06-Apr-2017,,,,,,CRC 219.8,00:53:51 06-Apr-2017,Status,91,112,90,142,108,0,200,83,188,109,42,227,15,239,19,231,174,7,186,47,116,24,153,,,,,,,,,
106746,106746,UT,02:33:53 06-Apr-2017,,,B,32.2580,-72.4550,CRC 85.80,02:33:53 06-Apr-2017,Status,74,176,90,11,232,136,18,58,119,91,247,48,54,217,218,10,210,3,248,167,216,226,121,,,,,,,,,
106746,106746,UT,03:19:35 06-Apr-2017,,,A,32.2210,-72.4540,CRC 236.66,03:17:53 06-Apr-2017,Status,93,144,90,11,232,136,18,57,3,13,29,87,149,67,173,12,1,102,21,203,184,181,4,,,,,,,,,
106746,106746,UT,12:57:21 09-Apr-2017,,,,,,CRC 132.234,12:55:37 09-Apr-2017,Status,80,144,90,11,232,136,18,57,4,179,121,81,25,75,7,6,3,126,56,10,116,18,236,,,,,,,,,
106746,106746,UT,14:37:00 09-Apr-2017,,,,,,CRC 9.225,13:45:28 03-Apr-2017,Status,65,48,90,25,41,77,127,235,49,182,215,16,78,45,128,100,55,169,198,164,128,5,44,,,,,,,,,
106746,106746,UT,14:40:56 09-Apr-2017,,,,,,CRC 232.35,14:40:56 09-Apr-2017,Status,93,16,90,11,136,136,18,24,30,39,206,207,168,226,96,131,1,216,182,158,62,163,239,,,,,,,,,
106746,106746,UT,13:37:01 12-Apr-2017,,,,,,CRC 8.12,13:37:01 12-Apr-2017,Status,72,169,8,,,,,,,,,,,,,,,,,,,,,,,,,,,,,
106746,106746,UT,13:39:38 12-Apr-2017,,,,,,CRC 10.9,13:39:38 12-Apr-2017,Status,26,20,204,,,,,,,,,,,,,,,,,,,,,,,,,,,,,
106746,106746,UT,15:16:00 12-Apr-2017,,,2,31.5500,-70.7750,CRC 151.247,03:23:42 30-Apr-2017,Status,82,240,90,11,232,136,24,167,239,13,122,157,43,132,105,233,187,3,156,108,196,10,117,,,,,,,,,
106746,106746,UT,14:55:01 13-Apr-2017,,,,,,CRC 13.9,14:55:01 13-Apr-2017,Status,45,81,179,,,,,,,,,,,,,,,,,,,,,,,,,,,,,
106746,106746,UT,19:12:01 13-Apr-2017,,,3,31.6970,-70.7190,CRC 10.5,19:12:01 13-Apr-2017,Status,26,81,7,,,,,,,,,,,,,,,,,,,,,,,,,,,,,
106746,106746,UT,07:23:25 15-Apr-2017,,,2,32.1550,-70.7600,CRC 15.3,07:23:25 15-Apr-2017,Status,15,24,254,,,,,,,,,,,,,,,,,,,,,,,,,,,,,
